project,test_name,truth,pred,test_code
NationalSecurityAgency_timely,MetricAdapterTest.testToMetricResponse,UC,time,"@Test
public void testToMetricResponse() throws Exception {
    String subscriptionId = ""12345"";
    long ts = 1000L;
    List<Tag> tags = new ArrayList<>();
    tags.add(new Tag(""tag1"", ""value1""));
    Metric m = Metric.newBuilder().name(""sys.cpu.user"").value(ts, 2.0).tags(tags).tag(VISIBILITY_TAG, ""(a&b)|(c&d)"").build();
    String json = JsonUtil.getObjectMapper().writeValueAsString(MetricResponse.fromMetric(m, subscriptionId));
    String expected = ""{\""metric\"":\""sys.cpu.user\"",\""timestamp\"":1000,\""value\"":2.0,\""tags\"":[{\""tag1\"":\""value1\""},{\""viz\"":\""(a&b)|(c&d)\""}],\""subscriptionId\"":\""12345\"",\""complete\"":false}"";
    Assert.assertEquals(expected, json);
}"
apache_hadoop,TestPathData.testToFile,OD,UC,"@Test
public void testToFile() throws Exception {
    item = new PathData(""."", conf);
    assertEquals(new File(testDir.toString()), item.toFile());
    item = new PathData(""d1/f1"", conf);
    assertEquals(new File(testDir + ""/d1/f1""), item.toFile());
    item = new PathData(testDir + ""/d1/f1"", conf);
    assertEquals(new File(testDir + ""/d1/f1""), item.toFile());
}"
camunda-cloud_zeebe,PriorityElectionTimerTest.shouldHighPriorityNodeStartElectionFirst,async,conc,"@Test
public void shouldHighPriorityNodeStartElectionFirst() {
    final AtomicBoolean highPrioElectionTriggered = spy(new AtomicBoolean());
    final AtomicBoolean lowPrioElectionTriggered = spy(new AtomicBoolean());
    final int targetPriority = 4;
    final PriorityElectionTimer timerHighPrio = new PriorityElectionTimer(Duration.ofMillis(100), threadContext, () -> highPrioElectionTriggered.set(true), log, targetPriority, targetPriority);
    final PriorityElectionTimer timerLowPrio = new PriorityElectionTimer(Duration.ofMillis(100), threadContext, () -> lowPrioElectionTriggered.set(true), log, targetPriority, 1);
    timerLowPrio.reset();
    timerHighPrio.reset();
    Awaitility.await().until(highPrioElectionTriggered::get);
    Awaitility.await().until(lowPrioElectionTriggered::get);
    final var inorder = Mockito.inOrder(highPrioElectionTriggered, lowPrioElectionTriggered);
    inorder.verify(highPrioElectionTriggered).set(true);
    inorder.verify(lowPrioElectionTriggered).set(true);
}"
apache_hadoop,TestDelegationToken.testDelegationTokenSecretManager,conc,async,"@Test
public void testDelegationTokenSecretManager() throws Exception {
    DelegationTokenSecretManager dtSecretManager = cluster.getNameNode().getNamesystem().getDelegationTokenSecretManager();
    Token<DelegationTokenIdentifier> token = generateDelegationToken(""SomeUser"", ""JobTracker"");
    try {
        dtSecretManager.renewToken(token, ""FakeRenewer"");
        Assert.fail(""should have failed"");
    } catch (AccessControlException ace) {
    }
    dtSecretManager.renewToken(token, ""JobTracker"");
    DelegationTokenIdentifier identifier = new DelegationTokenIdentifier();
    byte[] tokenId = token.getIdentifier();
    identifier.readFields(new DataInputStream(new ByteArrayInputStream(tokenId)));
    Assert.assertTrue(null != dtSecretManager.retrievePassword(identifier));
    LOG.info(""Sleep to expire the token"");
    Thread.sleep(6000);
    try {
        dtSecretManager.retrievePassword(identifier);
        Assert.fail(""Token should have expired"");
    } catch (InvalidToken e) {
    }
    dtSecretManager.renewToken(token, ""JobTracker"");
    LOG.info(""Sleep beyond the max lifetime"");
    Thread.sleep(5000);
    try {
        dtSecretManager.renewToken(token, ""JobTracker"");
        Assert.fail(""should have been expired"");
    } catch (InvalidToken it) {
    }
}"
apache_hadoop,TestDFSIO.testReadSkip,OD,time,"@Test
public void testReadSkip() throws Exception {
    FileSystem fs = cluster.getFileSystem();
    long tStart = System.currentTimeMillis();
    bench.getConf().setLong(""test.io.skip.size"", 1);
    bench.randomReadTest(fs);
    long execTime = System.currentTimeMillis() - tStart;
    bench.analyzeResult(fs, TestType.TEST_TYPE_READ_SKIP, execTime);
}"
apache_hadoop,TestDFSIO.testReadBackward,OD,time,"@Test
public void testReadBackward() throws Exception {
    FileSystem fs = cluster.getFileSystem();
    long tStart = System.currentTimeMillis();
    bench.getConf().setLong(""test.io.skip.size"", -DEFAULT_BUFFER_SIZE);
    bench.randomReadTest(fs);
    long execTime = System.currentTimeMillis() - tStart;
    bench.analyzeResult(fs, TestType.TEST_TYPE_READ_BACKWARD, execTime);
}"
apache_hadoop,TestDFSIO.testReadRandom,OD,time,"@Test
public void testReadRandom() throws Exception {
    FileSystem fs = cluster.getFileSystem();
    long tStart = System.currentTimeMillis();
    bench.getConf().setLong(""test.io.skip.size"", 0);
    bench.randomReadTest(fs);
    long execTime = System.currentTimeMillis() - tStart;
    bench.analyzeResult(fs, TestType.TEST_TYPE_READ_RANDOM, execTime);
}"
apache_hadoop,TestPeerCache.testEviction,OD,async,"@Test
public void testEviction() throws Exception {
    final int CAPACITY = 3;
    PeerCache cache = PeerCache.getInstance(CAPACITY, 100000);
    DatanodeID dnIds[] = new DatanodeID[CAPACITY + 1];
    FakePeer peers[] = new FakePeer[CAPACITY + 1];
    for (int i = 0; i < dnIds.length; ++i) {
        dnIds[i] = new DatanodeID(""192.168.0.1"",
        ""fakehostname_"" + i, ""fake_storage_id_"" + i,
        100, 101, 102);
        peers[i] = new FakePeer(dnIds[i], false);
    }
    for (int i = 0; i < CAPACITY; ++i) {
        cache.put(dnIds[i], peers[i]);
    }
    assertEquals(CAPACITY, cache.size());
    cache.put(dnIds[CAPACITY], peers[CAPACITY]);
    assertEquals(CAPACITY, cache.size());
    assertSame(null, cache.get(dnIds[0], false));
    for (int i = 1; i < CAPACITY; ++i) {
        Peer peer = cache.get(dnIds[i], false);
        assertSame(peers[i], peer);
        assertTrue(!peer.isClosed());
        peer.close();
    }
    assertEquals(1, cache.size());
    cache.close();
}"
apache_samza,TestContainerAllocatorWithHostAffinity.testExpiredRequestAllocationOnAnyHost,async,conc,"@Test
public void testExpiredRequestAllocationOnAnyHost() throws Exception {
    MockClusterResourceManager spyManager = spy(new MockClusterResourceManager(callback, state));
    ContainerManager spyContainerManager = spy(new ContainerManager(containerPlacementMetadataStore, state, spyManager, true, false, mock(LocalityManager.class), faultDomainManager, config));
    spyAllocator = Mockito.spy(new ContainerAllocator(spyManager, config, state, true, spyContainerManager));
    spyAllocator.requestResources(new HashMap<String, String>() {
        {
            put(""0"", ""hostname-0"");
            put(""1"", ""hostname-1"");
        }
    });
    spyAllocatorThread = new Thread(spyAllocator);
    spyAllocatorThread.start();
    Thread.sleep(1000);
    assertTrue(state.preferredHostRequests.get() == 2);
    assertTrue(state.expiredPreferredHostRequests.get() == 2);
    verify(spyContainerManager, times(1)).handleExpiredRequest(eq(""0""), eq(""hostname-0""), any(SamzaResourceRequest.class), any(ContainerAllocator.class), any(ResourceRequestState.class));
    verify(spyContainerManager, times(1)).handleExpiredRequest(eq(""1""), eq(""hostname-1""), any(SamzaResourceRequest.class), any(ContainerAllocator.class), any(ResourceRequestState.class));
    ArgumentCaptor<SamzaResourceRequest> cancelledRequestCaptor = ArgumentCaptor.forClass(SamzaResourceRequest.class);
    verify(spyManager, atLeast(2)).cancelResourceRequest(cancelledRequestCaptor.capture());
    assertTrue(cancelledRequestCaptor.getAllValues().stream().map(( resourceRequest) -> resourceRequest.getPreferredHost()).collect(Collectors.toSet()).size() > 2);
    assertTrue(state.matchedResourceRequests.get() == 0);
    assertTrue(state.anyHostRequests.get() > 2);
    spyAllocator.stop();
}"
apache_hadoop,TestPathData.testUnqualifiedUriContents,OD,UC,"@Test
public void testUnqualifiedUriContents() throws Exception {
    dirString = ""d1"";
    item = new PathData(dirString, conf);
    PathData[] items = item.getDirectoryContents();
    assertEquals(sortedString(""d1/f1"", ""d1/f1.1"", ""d1/f2""), sortedString(items));
}"
apache_hadoop,TestBlockFixer.testGeneratedBlock,conc,async,"@Test
public void testGeneratedBlock() throws Exception {
    LOG.info(""Test testGeneratedBlock started."");
    long blockSize = 8192L;
    int stripeLength = 3;
    mySetup(stripeLength, -1);
    Path file1 = new Path(""/user/dhruba/raidtest/file1"");
    Path destPath = new Path(""/destraid/user/dhruba/raidtest"");
    long crc1 = TestRaidDfs.createTestFile(fileSys, file1, 1, 7, blockSize);
    long file1Len = fileSys.getFileStatus(file1).getLen();
    LOG.info(""Test testGeneratedBlock created test files"");
    Configuration localConf = new Configuration(conf);
    localConf.set(RAID_LOCATION_KEY, ""/destraid"");
    localConf.setInt(""raid.blockfix.interval"", 1000);
    localConf.setLong(""raid.blockfix.filespertask"", 2L);
    try {
        cnode = RaidNode.createRaidNode(null, localConf);
        TestRaidDfs.waitForFileRaided(LOG, fileSys, file1, destPath);
        cnode.stop();
        cnode.join();
        FileStatus srcStat = fileSys.getFileStatus(file1);
        DistributedFileSystem dfs = ((DistributedFileSystem) (fileSys));
        LocatedBlocks locs = RaidDFSUtil.getBlockLocations(dfs, file1.toUri().getPath(), 0, srcStat.getLen());
        String[] corruptFiles = RaidDFSUtil.getCorruptFiles(conf);
        assertEquals(corruptFiles.length, 0);
        assertEquals(0, cnode.blockFixer.filesFixed());
        corruptBlock(locs.get(0).getBlock().getBlockName());
        reportCorruptBlocks(dfs, file1, new int[]{ 0 }, blockSize);
        corruptFiles = RaidDFSUtil.getCorruptFiles(conf);
        assertEquals(corruptFiles.length, 1);
        assertEquals(corruptFiles[0], file1.toUri().getPath());
        cnode = RaidNode.createRaidNode(null, localConf);
        long start = System.currentTimeMillis();
        while ((cnode.blockFixer.filesFixed() < 1) && ((System.currentTimeMillis() - start) < 120000)) {
            LOG.info(""Test testGeneratedBlock waiting for files to be fixed."");
            Thread.sleep(1000);
        }
        assertEquals(1, cnode.blockFixer.filesFixed());
        cnode.stop();
        cnode.join();
        cnode = null;
        dfs = getDFS(conf, dfs);
        assertTrue(TestRaidDfs.validateFile(dfs, file1, file1Len, crc1));
        locs = RaidDFSUtil.getBlockLocations(dfs, file1.toUri().getPath(), 0, srcStat.getLen());
        corruptBlock(locs.get(0).getBlock().getBlockName());
        reportCorruptBlocks(dfs, file1, new int[]{ 0 }, blockSize);
        try {
            Thread.sleep(5 * 1000);
        } catch (InterruptedException ignore) {
        }
        try {
            TestRaidDfs.validateFile(dfs, file1, file1Len, crc1);
            fail(""Expected exception not thrown"");
        } catch (ChecksumException ce) {
        } catch (BlockMissingException bme) {
        }
    } catch (Exception e) {
        LOG.info((""Test testGeneratedBlock Exception "" + e) + StringUtils.stringifyException(e));
        throw e;
    } finally {
        myTearDown();
    }
    LOG.info(""Test testGeneratedBlock completed."");
}"
apache_hadoop,TestRPCCompatibility.testVersion2ClientVersion2Server,OD,async,"@Test
public void testVersion2ClientVersion2Server() throws Exception {
    ProtocolSignature.resetCache();
    TestImpl2 impl = new TestImpl2();
    server = new RPC.Builder(conf).setProtocol(TestProtocol2.class).setInstance(impl).setBindAddress(ADDRESS).setPort(0).setNumHandlers(2).setVerbose(false).build();
    server.addProtocol(RPC_WRITABLE, TestProtocol0.class, impl);
    server.start();
    addr = NetUtils.getConnectAddress(server);
    Version2Client client = new Version2Client();
    client.ping();
    assertEquals(""hello"", client.echo(""hello""));
    assertEquals(-3, client.echo(3));
}"
apache_hadoop,TestDelegationTokenForProxyUser.testDelegationTokenWithRealUser,OD,conc,"@Test
public void testDelegationTokenWithRealUser() throws IOException {
    UserGroupInformation ugi = UserGroupInformation.createRemoteUser(REAL_USER);
    final UserGroupInformation proxyUgi = UserGroupInformation.createProxyUserForTesting(PROXY_USER, ugi, GROUP_NAMES);
    try {
        Token<?>[] tokens = proxyUgi.doAs(new PrivilegedExceptionAction<Token<?>[]>() {
            @Override
            public Token<?>[] run() throws IOException {
                return cluster.getFileSystem().addDelegationTokens(""RenewerUser"", null);
            }
        });
        DelegationTokenIdentifier identifier = new DelegationTokenIdentifier();
        byte[] tokenId = tokens[0].getIdentifier();
        identifier.readFields(new DataInputStream(new ByteArrayInputStream(tokenId)));
        Assert.assertEquals(identifier.getUser().getUserName(), PROXY_USER);
        Assert.assertEquals(identifier.getUser().getRealUser().getUserName(), REAL_USER);
    } catch (InterruptedException e) {
    }
}"
apache_hadoop,testPendingAndInvalidate,conc,async,"@Test
public class Test {
    public void testPendingAndInvalidate() throws Exception {
        final Configuration CONF = new HdfsConfiguration();
        MiniDFSCluster cluster = new MiniDFSCluster.Builder(CONF).numDataNodes(DATANODE_COUNT).build();
        cluster.waitActive();
        FSNamesystem namesystem = cluster.getNamesystem();
        BlockManager bm = namesystem.getBlockManager();
        DistributedFileSystem fs = cluster.getFileSystem();
        try {
            Path filePath = new Path(""/tmp.txt"");
            DFSTestUtil.createFile(fs, filePath, 1024, (short) 3, 0L);
            for (DataNode dn : cluster.getDataNodes()) {
                DataNodeTestUtils.setHeartbeatsDisabledForTests(dn, true);
            }
            LocatedBlock block = NameNodeAdapter.getBlockLocations(
            cluster.getNameNode(), filePath.toString(), 0, 1).get(0);
            cluster.getNamesystem().writeLock();
            try {
                bm.findAndMarkBlockAsCorrupt(block.getBlock(), block.getLocations()[0],
                ""STORAGE_ID"", ""TEST"");
            } finally {
                cluster.getNamesystem().writeUnlock();
            }
            BlockManagerTestUtil.computeAllPendingWork(bm);
            BlockManagerTestUtil.updateState(bm);
            assertEquals(bm.getPendingReconstructionBlocksCount(), 1L);
            BlockInfo storedBlock = bm.getStoredBlock(block.getBlock().getLocalBlock());
            assertEquals(bm.pendingReconstruction.getNumReplicas(storedBlock), 2);
            fs.delete(filePath, true);
            int retries = 10;
            long pendingNum = bm.getPendingReconstructionBlocksCount();
            while (pendingNum != 0 && retries-- > 0) {
                Thread.sleep(1000);
                BlockManagerTestUtil.updateState(bm);
                pendingNum = bm.getPendingReconstructionBlocksCount();
            }
            assertEquals(pendingNum, 0L);
        } finally {
            cluster.shutdown();
        }
    }
}"
apache_hadoop,TestPathData.testQualifiedUriContents,OD,UC,"@Test
public void testQualifiedUriContents() throws Exception {
    dirString = fs.makeQualified(new Path(""d1"")).toString();
    item = new PathData(dirString, conf);
    PathData[] items = item.getDirectoryContents();
    assertEquals(sortedString(dirString + ""/f1"", dirString + ""/f1.1"", dirString + ""/f2""), sortedString(items));
}"
apache_struts,13d9053050c9e4fb2ef049db6a37d3f6eebf48fa.testProcessAction_ok.2,OD,conc,"@Test
public void testProcessAction_ok() {
    final Mock mockResponse = mock(ActionResponse.class);
    PortletMode mode = PortletMode.VIEW;
    Map<String, String> initParams = new HashMap<String, String>();
    initParams.put(""viewNamespace"", ""/view"");
    Map<String, String[]> requestParams = new HashMap<String, String[]>();
    requestParams.put(ACTION_PARAM, new String[] { ""/view/testAction"" });
    requestParams.put(MODE_PARAM, new String[] { mode.toString() });
    initParams.put(StrutsConstants.STRUTS_ALWAYS_SELECT_FULL_NAMESPACE,
    ""true"");
    initPortletConfig(initParams, new HashMap<String, Object>());
    initRequest(requestParams, new HashMap<String, Object>(),
    new HashMap<String, Object>(), PortletMode.VIEW,
    WindowState.NORMAL, true, null);
    setupActionFactory(""/view"", ""testAction"", ""success"",
    EasyMock.createNiceMock(ValueStack.class));
    try {
        dispatcher
        .setActionProxyFactory((ActionProxyFactory) mockActionFactory
        .proxy());
        dispatcher.init((PortletConfig) mockConfig.proxy());
        dispatcher.processAction((ActionRequest) mockRequest.proxy(),
        (ActionResponse) mockResponse.proxy());
    } catch (Exception e) {
        e.printStackTrace();
        fail(""Error occured"");
    }
}"
apache_struts,13d9053050c9e4fb2ef049db6a37d3f6eebf48fa.testRender_ok,OD,conc,"@Test
public void testRender_ok() {
    final Mock mockResponse = mock(RenderResponse.class);
    mockResponse.stubs().method(ANYTHING);
    PortletMode mode = PortletMode.VIEW;
    Map<String, String[]> requestParams = new HashMap<String, String[]>();
    requestParams.put(ACTION_PARAM, new String[]{""/view/testAction""});
    requestParams.put(EVENT_ACTION, new String[]{""true""});
    requestParams.put(MODE_PARAM, new String[]{mode.toString()});
    Map<String, Object> sessionMap = new HashMap<String, Object>();
    Map<String, String> initParams = new HashMap<String, String>();
    initParams.put(""viewNamespace"", ""/view"");
    initParams.put(StrutsConstants.STRUTS_ALWAYS_SELECT_FULL_NAMESPACE, ""true"");
    initPortletConfig(initParams, new HashMap<String, Object>());
    initRequest(requestParams, new HashMap<String, Object>(), sessionMap, PortletMode.VIEW, WindowState.NORMAL, false, null);
    setupActionFactory(""/view"", ""testAction"", ""success"", EasyMock.createNiceMock(ValueStack.class));
    mockInvocation.expects(once()).method(""getStack"").will(
    returnValue(null));
    try {
        dispatcher
        .setActionProxyFactory((ActionProxyFactory) mockActionFactory
        .proxy());
        dispatcher.init((PortletConfig) mockConfig.proxy());
        dispatcher.render((RenderRequest) mockRequest.proxy(),
        (RenderResponse) mockResponse.proxy());
    } catch (Exception e) {
        e.printStackTrace();
        fail(""Error occured"");
    }
}"
apache_hadoop,TestPathData.testCwdContents,OD,UC,"@Test
public void testCwdContents() throws Exception {
    dirString = Path.CUR_DIR;
    item = new PathData(dirString, conf);
    PathData[] items = item.getDirectoryContents();
    assertEquals(sortedString(""d1"", ""d2""), sortedString(items));
}"
apache_hadoop,TestHftpFileSystem.testHftpCustomDefaultPorts,OD,time,"@Test
public void testHftpCustomDefaultPorts() throws IOException {
    resetFileSystem();
    Configuration conf = new Configuration();
    conf.setInt(""dfs.http.port"", 123);
    conf.setInt(""dfs.https.port"", 456);
    URI uri = URI.create();
    HftpFileSystem fs = ((HftpFileSystem) (FileSystem.get(uri, conf)));
    assertEquals(123, fs.getDefaultPort());
    assertEquals(456, fs.getDefaultSecurePort());
    assertEquals(uri, fs.getUri());
    assertEquals(""127.0.0.1:456"", fs.getCanonicalServiceName());
}"
apache_struts,13d9053050c9e4fb2ef049db6a37d3f6eebf48fa.testProcessAction_ok,OD,conc,"@Test
public void testProcessAction_ok() {
    final Mock mockResponse = mock(ActionResponse.class);
    PortletMode mode = PortletMode.VIEW;
    Map<String, String> initParams = new HashMap<String, String>();
    initParams.put(""viewNamespace"", ""/view"");
    Map<String, String[]> requestParams = new HashMap<String, String[]>();
    requestParams.put(ACTION_PARAM, new String[]{""/view/testAction""});
    requestParams.put(MODE_PARAM, new String[]{mode.toString()});
    initParams.put(StrutsConstants.STRUTS_ALWAYS_SELECT_FULL_NAMESPACE, ""true"");
    initPortletConfig(initParams, new HashMap<String, Object>());
    initRequest(requestParams, new HashMap<String, Object>(), new HashMap<String, Object>(), PortletMode.VIEW, WindowState.NORMAL, true, null);
    setupActionFactory(""/view"", ""testAction"", ""success"", EasyMock.createNiceMock(ValueStack.class));
    try {
        dispatcher
        .setActionProxyFactory((ActionProxyFactory) mockActionFactory
        .proxy());
        dispatcher.init((PortletConfig) mockConfig.proxy());
        dispatcher.processAction((ActionRequest) mockRequest.proxy(),
        (ActionResponse) mockResponse.proxy());
    } catch (Exception e) {
        e.printStackTrace();
        fail(""Error occured"");
    }
}"
apache_hadoop,TestDelegationTokenForProxyUser.testWebHdfsDoAs,OD,conc,"@Test
public void testWebHdfsDoAs() throws Exception {
    LOG.info(""START: testWebHdfsDoAs()"");
    ((Log4JLogger) (LOG)).getLogger().setLevel(ALL);
    ((Log4JLogger) (LOG)).getLogger().setLevel(ALL);
    final UserGroupInformation ugi = UserGroupInformation.createRemoteUser(REAL_USER);
    LOG.info(""ugi.getShortUserName()="" + ugi.getShortUserName());
    final WebHdfsFileSystem webhdfs = WebHdfsTestUtil.getWebHdfsFileSystemAs(ugi, config);
    final Path root = new Path(""/"");
    cluster.getFileSystem().setPermission(root, new FsPermission(((short) (0777))));
    {
        final URL url = WebHdfsTestUtil.toUrl(webhdfs, GETHOMEDIRECTORY, root, new DoAsParam(PROXY_USER));
        final HttpURLConnection conn = ((HttpURLConnection) (url.openConnection()));
        final Map<?, ?> m = WebHdfsTestUtil.connectAndGetJson(conn, SC_OK);
        conn.disconnect();
        final Object responsePath = m.get(Path.class.getSimpleName());
        LOG.info(""responsePath="" + responsePath);
        Assert.assertEquals(""/user/"" + PROXY_USER, responsePath);
    }
    {
        final URL url = WebHdfsTestUtil.toUrl(webhdfs, GETHOMEDIRECTORY, root, new DoAsParam(PROXY_USER) {
            @Override
            public String getName() {
                return ""DOas"";
            }
        });
        final HttpURLConnection conn = ((HttpURLConnection) (url.openConnection()));
        final Map<?, ?> m = WebHdfsTestUtil.connectAndGetJson(conn, SC_OK);
        conn.disconnect();
        final Object responsePath = m.get(Path.class.getSimpleName());
        LOG.info(""responsePath="" + responsePath);
        Assert.assertEquals(""/user/"" + PROXY_USER, responsePath);
    }
    final Path f = new Path(""/testWebHdfsDoAs/a.txt"");
    {
        final PutOpParam.Op op = Op.CREATE;
        final URL url = WebHdfsTestUtil.toUrl(webhdfs, op, f, new DoAsParam(PROXY_USER));
        HttpURLConnection conn = ((HttpURLConnection) (url.openConnection()));
        conn = WebHdfsTestUtil.twoStepWrite(webhdfs, op, conn);
        final FSDataOutputStream out = WebHdfsTestUtil.write(webhdfs, op, conn, 4096);
        out.write(""Hello, webhdfs user!"".getBytes());
        out.close();
        final FileStatus status = webhdfs.getFileStatus(f);
        LOG.info(""status.getOwner()="" + status.getOwner());
        Assert.assertEquals(PROXY_USER, status.getOwner());
    }
    {
        final PostOpParam.Op op = Op.APPEND;
        final URL url = WebHdfsTestUtil.toUrl(webhdfs, op, f, new DoAsParam(PROXY_USER));
        HttpURLConnection conn = ((HttpURLConnection) (url.openConnection()));
        conn = WebHdfsTestUtil.twoStepWrite(webhdfs, op, conn);
        final FSDataOutputStream out = WebHdfsTestUtil.write(webhdfs, op, conn, 4096);
        out.write(""\nHello again!"".getBytes());
        out.close();
        final FileStatus status = webhdfs.getFileStatus(f);
        LOG.info(""status.getOwner()="" + status.getOwner());
        LOG.info(""status.getLen()  ="" + status.getLen());
        Assert.assertEquals(PROXY_USER, status.getOwner());
    }
}"
apache_hadoop,TestMetricsSystemImpl.testInitFirstVerifyCallBacks,UC,async,"@Test
public void testInitFirstVerifyCallBacks() throws Exception {
    DefaultMetricsSystem.shutdown();
    new ConfigBuilder().add(""*.period"", 8).add(""test.sink.test.class"", TestSink.class.getName()).add(""test.*.source.filter.exclude"", ""s0"").add(""test.source.s1.metric.filter.exclude"", ""X*"").add(""test.sink.sink1.metric.filter.exclude"", ""Y*"").add(""test.sink.sink2.metric.filter.exclude"", ""Y*"").save(TestMetricsConfig.getTestFilename(""hadoop-metrics2-test""));
    MetricsSystemImpl ms = new MetricsSystemImpl(""Test"");
    ms.start();
    ms.register(""s0"", ""s0 desc"", new TestSource(""s0rec""));
    TestSource s1 = ms.register(""s1"", ""s1 desc"", new TestSource(""s1rec""));
    s1.c1.incr();
    s1.xxx.incr();
    s1.g1.set(2);
    s1.yyy.incr(2);
    s1.s1.add(0);
    MetricsSink sink1 = mock(MetricsSink.class);
    MetricsSink sink2 = mock(MetricsSink.class);
    ms.registerSink(""sink1"", ""sink1 desc"", sink1);
    ms.registerSink(""sink2"", ""sink2 desc"", sink2);
    ms.publishMetricsNow();
    try {
        verify(sink1, timeout(200).times(2)).putMetrics(r1.capture());
        verify(sink2, timeout(200).times(2)).putMetrics(r2.capture());
    } finally {
        ms.stop();
        ms.shutdown();
    }
    List<MetricsRecord> mr1 = r1.getAllValues();
    List<MetricsRecord> mr2 = r2.getAllValues();
    checkMetricsRecords(mr1);
    assertEquals(""output"", mr1, mr2);
}"
apache_hadoop,TestPeerCache.testAddAndRetrieve,OD,async,"@Test
public void testAddAndRetrieve() throws Exception {
    PeerCache cache = PeerCache.getInstance(3, 100000);
    DatanodeID dnId = new DatanodeID(""192.168.0.1"",
    ""fakehostname"", ""fake_storage_id"",
    100, 101, 102);
    FakePeer peer = new FakePeer(dnId, false);
    cache.put(dnId, peer);
    assertTrue(!peer.isClosed());
    assertEquals(1, cache.size());
    assertEquals(peer, cache.get(dnId, false));
    assertEquals(0, cache.size());
    cache.close();
}"
apache_hadoop,TestDFSIO.testRead,OD,time,"@Test
public void testRead() throws Exception {
    FileSystem fs = cluster.getFileSystem();
    long tStart = System.currentTimeMillis();
    bench.readTest(fs);
    long execTime = System.currentTimeMillis() - tStart;
    bench.analyzeResult(fs, TestType.TEST_TYPE_READ, execTime);
}"
testcontainers_testcontainers-java,appliesOuterTimeout,async,conc,"@Test
public void appliesOuterTimeout() {
    final WaitStrategy underTest = new WaitAllStrategy()
    .withStrategy(strategy1)
    .withStartupTimeout(Duration.ofMillis(10));
    doAnswer(invocation -> {
        Uninterruptibles.sleepUninterruptibly(20, TimeUnit.MILLISECONDS);
        return null;
    }).when(strategy1).waitUntilReady(eq(container));
    assertThrows(""The outer strategy timeout applies"", TimeoutException.class, () -> {
        underTest.waitUntilReady(container);
    });
}"
apache_struts,13d9053050c9e4fb2ef049db6a37d3f6eebf48fa.testRender_ok.2,OD,conc,"@Test
public void testRender_ok() {
    final Mock mockResponse = mock(RenderResponse.class);
    mockResponse.stubs().method(ANYTHING);
    PortletMode mode = PortletMode.VIEW;
    Map<String, String[]> requestParams = new HashMap<String, String[]>();
    requestParams.put(ACTION_PARAM, new String[] { ""/view/testAction"" });
    requestParams.put(EVENT_ACTION, new String[] { ""true"" });
    requestParams.put(MODE_PARAM, new String[] { mode.toString() });
    Map<String, Object> sessionMap = new HashMap<String, Object>();
    Map<String, String> initParams = new HashMap<String, String>();
    initParams.put(""viewNamespace"", ""/view"");
    initParams.put(StrutsConstants.STRUTS_ALWAYS_SELECT_FULL_NAMESPACE,
    ""true"");
    initPortletConfig(initParams, new HashMap<String, Object>());
    initRequest(requestParams, new HashMap<String, Object>(), sessionMap,
    PortletMode.VIEW, WindowState.NORMAL, false, null);
    setupActionFactory(""/view"", ""testAction"", ""success"",
    EasyMock.createNiceMock(ValueStack.class));
    mockInvocation.expects(once()).method(""getStack"")
    .will(returnValue(null));
    try {
        dispatcher
        .setActionProxyFactory((ActionProxyFactory) mockActionFactory
        .proxy());
        dispatcher.init((PortletConfig) mockConfig.proxy());
        dispatcher.render((RenderRequest) mockRequest.proxy(),
        (RenderResponse) mockResponse.proxy());
    } catch (Exception e) {
        e.printStackTrace();
        fail(""Error occured"");
    }
}"
apache_hadoop,TestPeerCache.testExpiry,OD,async,"@Test
public void testExpiry() throws Exception {
    final int CAPACITY = 3;
    final int EXPIRY_PERIOD = 10;
    PeerCache cache = PeerCache.getInstance(CAPACITY, EXPIRY_PERIOD);
    DatanodeID dnIds[] = new DatanodeID[CAPACITY];
    FakePeer peers[] = new FakePeer[CAPACITY];
    for (int i = 0; i < CAPACITY; ++i) {
        dnIds[i] = new DatanodeID(""192.168.0.1"",
        ""fakehostname_"" + i, ""fake_storage_id"",
        100, 101, 102);
        peers[i] = new FakePeer(dnIds[i], false);
    }
    for (int i = 0; i < CAPACITY; ++i) {
        cache.put(dnIds[i], peers[i]);
    }
    Thread.sleep(EXPIRY_PERIOD * 50);
    assertEquals(0, cache.size());
    for (int i = 0; i < CAPACITY; ++i) {
        assertTrue(peers[i].isClosed());
    }
    Thread.sleep(EXPIRY_PERIOD * 50);
    cache.close();
}"
line_armeria,ServiceRequestCancellationTest.shouldCompleteLogWhenCancelledByClient,OD,conc,"@Test
void shouldCompleteLogWhenCancelledByClient(SessionProtocol protocol) {
    final ClientFactory factory = ClientFactory.builder().build();
    final WebClient client = WebClient.builder(server.uri(protocol)).factory(factory).build();
    final CompletableFuture<AggregatedHttpResponse> responseFuture = client.get(""/reset"").aggregate();
    await().untilAtomic(ctxRef, Matchers.notNullValue());
    factory.close();
    final RequestLog log = ctxRef.get().log().whenComplete().join();
    if (protocol.isMultiplex()) {
        assertThat(log.responseCause()).isInstanceOf(ClosedStreamException.class).hasMessageContaining(""received a RST_STREAM frame: CANCEL"");
        assertThatThrownBy(responseFuture::join).isInstanceOf(CompletionException.class).hasCauseInstanceOf(ClosedStreamException.class);
    } else {
        assertThat(log.responseCause()).isInstanceOf(ClosedSessionException.class);
        assertThatThrownBy(responseFuture::join).isInstanceOf(CompletionException.class).hasCauseInstanceOf(ClosedSessionException.class);
    }
}"
apache_hadoop,TestDFSIO.testWrite,OD,time,"@Test
public void testWrite() throws Exception {
    FileSystem fs = cluster.getFileSystem();
    long tStart = System.currentTimeMillis();
    bench.writeTest(fs);
    long execTime = System.currentTimeMillis() - tStart;
    bench.analyzeResult(fs, TestType.TEST_TYPE_WRITE, execTime);
}"
neo4j_neo4j,RobustJobSchedulerWrapperTest.shouldBeAbleToCancelJob,conc,async,"@Test
public void shouldBeAbleToCancelJob() throws Exception {
    RobustJobSchedulerWrapper robustWrapper = new RobustJobSchedulerWrapper(actualScheduler, log);
    AtomicInteger count = new AtomicInteger();
    JobHandle jobHandle = robustWrapper.scheduleRecurring(""JobName"", 1, count::incrementAndGet);
    assertEventually(""run count"", count::get, Matchers.greaterThanOrEqualTo(100), DEFAULT_TIMEOUT_MS, MILLISECONDS);
    robustWrapper.cancelAndWaitTermination(jobHandle);
    int finalCount = count.get();
    Thread.sleep(50);
    assertEquals(finalCount, count.get());
}"
neo4j_neo4j,RobustJobSchedulerWrapperTest.recurringJobWithExceptionShouldKeepRunning,conc,async,"@Test
public void recurringJobWithExceptionShouldKeepRunning() throws Exception
{
    RobustJobSchedulerWrapper robustWrapper = new RobustJobSchedulerWrapper( actualScheduler, log );
    AtomicInteger count = new AtomicInteger();
    IllegalStateException e = new IllegalStateException();
    int nRuns = 100;
    JobHandle jobHandle = robustWrapper.scheduleRecurring( ""JobName"", 1, () -> {
        if ( count.get() < nRuns )
        {
            count.incrementAndGet();
            throw e;
        }
    }
    );
    assertEventually( ""run count"", count::get, Matchers.equalTo( nRuns ), DEFAULT_TIMEOUT_MS , MILLISECONDS );
    robustWrapper.cancelAndWaitTermination( jobHandle );
    verify( log, timeout( DEFAULT_TIMEOUT_MS ).times( nRuns ) ).warn( ""Uncaught exception"", e );
}"
wildfly_wildfly,b19048b72669fc0e96665b1b125dc1fda21f5993.testFireObjectEvent,OD,async,"@Test
public void testFireObjectEvent() throws Exception {
    final NamingEventCoordinator coordinator = new NamingEventCoordinator();
    final CollectingListener objectListener = new CollectingListener(1);
    coordinator.addListener(""test/path"", EventContext.OBJECT_SCOPE, objectListener);
    final CollectingListener subtreeListener = new CollectingListener(0);
    coordinator.addListener(""test"", EventContext.SUBTREE_SCOPE, subtreeListener);
    final CollectingListener oneLevelListener = new CollectingListener(0);
    coordinator.addListener(""test"", EventContext.ONELEVEL_SCOPE, oneLevelListener);
    coordinator.fireEvent(context, new CompositeName(""test/path""), null, null, NamingEvent.OBJECT_ADDED, ""bind"", EventContext.OBJECT_SCOPE);
    objectListener.latch.await(1, TimeUnit.SECONDS);
    assertEquals(1, objectListener.capturedEvents.size());
    assertTrue(oneLevelListener.capturedEvents.isEmpty());
    assertTrue(subtreeListener.capturedEvents.isEmpty());
}"
apache_kafka,shouldTogglePrepareForBulkLoadDuringRestoreCalls,conc,UC,"@Test
public void shouldTogglePrepareForBulkLoadDuringRestoreCalls() throws Exception {
    final List<KeyValue<byte[], byte[]>> entries = new ArrayList<>();
    entries.add(new KeyValue<>(""1"".getBytes(""UTF-8""), ""a"".getBytes(""UTF-8"")));
    entries.add(new KeyValue<>(""2"".getBytes(""UTF-8""), ""b"".getBytes(""UTF-8"")));
    entries.add(new KeyValue<>(""3"".getBytes(""UTF-8""), ""c"".getBytes(""UTF-8"")));
    final AtomicReference<Exception> conditionNotMet = new AtomicReference<>();
    final AtomicInteger conditionCheckCount = new AtomicInteger();
    Thread conditionCheckThread = new Thread(new Runnable() {
        @Override
        public void run() {
            assertRocksDBTurnsOnBulkLoading(conditionCheckCount, conditionNotMet);
            assertRockDBTurnsOffBulkLoad(conditionCheckCount, conditionNotMet);
        }
    });
    subject.init(context, subject);
    conditionCheckThread.start();
    context.restore(subject.name(), entries);
    conditionCheckThread.join(2000);
    assertTrue(conditionNotMet.get() == null);
    assertTrue(conditionCheckCount.get() == 2);
}"
quarkusio_quarkus,testTimedMethod,time,async,"@Test
void testTimedMethod() throws InterruptedException {
    assertTrue(Jobs.latch01.await(5, TimeUnit.SECONDS));
    assertTrue(Jobs.latch02.await(5, TimeUnit.SECONDS));
    Timer timer1 = registry.get(""scheduled.methods"")
    .tag(""method"", ""everySecond"")
    .tag(""class"", ""io.quarkus.scheduler.test.metrics.MicrometerTimedTest$Jobs"")
    .tag(""exception"", ""none"")
    .timer();
    assertNotNull(timer1);
    assertTrue(timer1.count() > 0);
    Timer timer2 = registry.get(""foo"")
    .tag(""method"", ""anotherEverySecond"")
    .tag(""class"", ""io.quarkus.scheduler.test.metrics.MicrometerTimedTest$Jobs"")
    .tag(""exception"", ""none"")
    .timer();
    assertNotNull(timer2);
    assertTrue(timer2.count() > 0);
}"
opensearch-project_OpenSearch,testReplicaThreadedThroughputDegradationAndRejection,conc,async,"@Test
public void testReplicaThreadedThroughputDegradationAndRejection() throws Exception {
    Settings settings = Settings.builder().put(IndexingPressure.MAX_INDEXING_BYTES.getKey(), ""10KB"")
    .put(ShardIndexingPressureSettings.SHARD_INDEXING_PRESSURE_ENABLED.getKey(), true)
    .put(ShardIndexingPressureSettings.SHARD_INDEXING_PRESSURE_ENFORCED.getKey(), true)
    .put(ShardIndexingPressureMemoryManager.THROUGHPUT_DEGRADATION_LIMITS.getKey(), 1)
    .put(ShardIndexingPressureSettings.REQUEST_SIZE_WINDOW.getKey(), 100)
    .build();
    final int NUM_THREADS = scaledRandomIntBetween(100, 120);
    ShardIndexingPressure shardIndexingPressure = new ShardIndexingPressure(settings, clusterService);
    Index index = new Index(""IndexName"", ""UUID"");
    ShardId shardId1 = new ShardId(index, 0);
    fireConcurrentAndParallelRequestsForUniformThroughPut(NUM_THREADS, shardIndexingPressure, shardId1, 100, 100,
    OperationType.REPLICA);
    fireAllThenCompleteConcurrentRequestsWithUniformDelay(ShardIndexingPressureSettings.REQUEST_SIZE_WINDOW.get(settings),
    shardIndexingPressure, shardId1, 100, 200, OperationType.REPLICA);
    expectThrows(OpenSearchRejectedExecutionException.class,
    () -> shardIndexingPressure.markReplicaOperationStarted(shardId1, 11 * 1024, false));
    assertEquals(0, shardIndexingPressure.coldStats().getIndexingPressureShardStats(shardId1).getCurrentReplicaBytes());
    assertEquals(15, shardIndexingPressure.coldStats().getIndexingPressureShardStats(shardId1).getCurrentReplicaLimits());
}"
square_okhttp,CallTest.legalToExecuteTwiceCloning_Async,async,OD,"@Test
public void legalToExecuteTwiceCloning_Async() throws Exception {
    server.enqueue(new MockResponse().setBody(""abc""));
    server.enqueue(new MockResponse().setBody(""def""));
    Request request = new Request.Builder().url(server.url(""/"")).build();
    Call call = client.newCall(request);
    call.enqueue(callback);
    Call cloned = call.clone();
    cloned.enqueue(callback);
    callback.await(request.url()).assertBody(""abc"");
    callback.await(request.url()).assertBody(""def"");
}"
graylog2_graylog2-server,KafkaJournalTest.serverStatusUnthrottledIfJournalUtilizationIsLowerThanThreshold,conc,time,"@Test
public void serverStatusUnthrottledIfJournalUtilizationIsLowerThanThreshold() throws Exception {
    serverStatus.throttle();
    final Size segmentSize = Size.kilobytes(1L);
    final KafkaJournal journal = new KafkaJournal(journalDirectory, scheduler, segmentSize, Duration.standardSeconds(1L), Size.kilobytes(4L), Duration.standardSeconds(1L), 1000000, Duration.standardSeconds(1L), 90, new MetricRegistry(), serverStatus);
    journal.flushDirtyLogs();
    journal.cleanupLogs();
    assertThat(serverStatus.getLifecycle()).isEqualTo(RUNNING);
}"
apache_cassandra,ColumnFamilyStoreTest.testRemoveSuperColumn,async,UC,"@Test
public void testRemoveSuperColumn() throws IOException, ExecutionException, InterruptedException {
    Table table = Table.open(""Table1"");
    ColumnFamilyStore store = table.getColumnFamilyStore(""Super1"");
    RowMutation rm;
    rm = new RowMutation(""Table1"", ""key1"");
    rm.add(""Super1:SC1:Column1"", ""asdf"".getBytes(), 0);
    rm.apply();
    store.forceBlockingFlush();
    rm = new RowMutation(""Table1"", ""key1"");
    rm.delete(""Super1:SC1"", 1);
    rm.apply();
    List<ColumnFamily> families = store.getColumnFamilies(""key1"", ""Super1"", new IdentityFilter());
    assert families.get(0).getAllColumns().first().getMarkedForDeleteAt() == 1;
    assert !families.get(1).getAllColumns().first().isMarkedForDelete();
    ColumnFamily resolved = ColumnFamily.resolve(families);
    assert resolved.getAllColumns().first().getMarkedForDeleteAt() == 1;
    Collection<IColumn> subColumns = resolved.getAllColumns().first().getSubColumns();
    assert subColumns.size() == 1;
    assert subColumns.iterator().next().timestamp() == 0;
    assertNull(ColumnFamilyStore.removeDeleted(resolved, Integer.MAX_VALUE));
}"
wildfly_wildfly,b19048b72669fc0e96665b1b125dc1fda21f5993.testStoredContext,OD,conc,"@Test
public void testStoredContext() throws Exception {
    final ServiceName bindingName = ServiceName.JBOSS.append(""foo-stored"").append(""again"");
    bindObject(bindingName, new Context() {
        @Override
        public Object lookup(Name name) throws NamingException {
            if (""blah/blah2"".equals(name.toString())) {
                return new Integer(5);
            }
            return null;
        }
        @Override
        public Object lookup(String name) throws NamingException {
            return lookup(new CompositeName(name));
        }
        @Override
        public void bind(Name name, Object obj) throws NamingException {
        }
        @Override
        public void bind(String name, Object obj) throws NamingException {
        }
        @Override
        public void rebind(Name name, Object obj) throws NamingException {
        }
        @Override
        public void rebind(String name, Object obj) throws NamingException {
        }
        @Override
        public void unbind(Name name) throws NamingException {
        }
        @Override
        public void unbind(String name) throws NamingException {
        }
        @Override
        public void rename(Name oldName, Name newName) throws NamingException {
        }
        @Override
        public void rename(String oldName, String newName) throws NamingException {
        }
        @Override
        public NamingEnumeration<NameClassPair> list(Name name) throws NamingException {
            return null;
        }
        @Override
        public NamingEnumeration<NameClassPair> list(String name) throws NamingException {
            return null;
        }
        @Override
        public NamingEnumeration<Binding> listBindings(Name name) throws NamingException {
            if (!""hi/there"".equals(name.toString()))
            throw new IllegalArgumentException(""Expected hi/there"");
            return null;
        }
        @Override
        public NamingEnumeration<Binding> listBindings(String name) throws NamingException {
            return null;
        }
        @Override
        public void destroySubcontext(Name name) throws NamingException {
        }
        @Override
        public void destroySubcontext(String name) throws NamingException {
        }
        @Override
        public Context createSubcontext(Name name) throws NamingException {
            return null;
        }
        @Override
        public Context createSubcontext(String name) throws NamingException {
            return null;
        }
        @Override
        public Object lookupLink(Name name) throws NamingException {
            return null;
        }
        @Override
        public Object lookupLink(String name) throws NamingException {
            return null;
        }
        @Override
        public NameParser getNameParser(Name name) throws NamingException {
            return null;
        }
        @Override
        public NameParser getNameParser(String name) throws NamingException {
            return null;
        }
        @Override
        public Name composeName(Name name, Name prefix) throws NamingException {
            return null;
        }
        @Override
        public String composeName(String name, String prefix) throws NamingException {
            return null;
        }
        @Override
        public Object addToEnvironment(String propName, Object propVal) throws NamingException {
            return null;
        }
        @Override
        public Object removeFromEnvironment(String propName) throws NamingException {
            return null;
        }
        @Override
        public Hashtable<?, ?> getEnvironment() throws NamingException {
            return null;
        }
        @Override
        public void close() throws NamingException {
        }
        @Override
        public String getNameInNamespace() throws NamingException {
            return null;
        }
    });
    final NamingContext ctx = new NamingContext(new CompositeName(), store, null);
    final Object obj = ctx.lookup(new CompositeName(""foo-stored/again/blah/blah2""));
    ctx.listBindings(""foo-stored/again/hi/there"");
    assertNotNull(obj);
    assertEquals(new Integer(5), obj);
}"
wildfly_wildfly,b19048b72669fc0e96665b1b125dc1fda21f5993.testFireOneLevelEvent,OD,async,"@Test
public void testFireOneLevelEvent() throws Exception {
    final NamingEventCoordinator coordinator = new NamingEventCoordinator();
    final CollectingListener objectListener = new CollectingListener(0);
    coordinator.addListener(""test/path"", EventContext.OBJECT_SCOPE, objectListener);
    final CollectingListener subtreeListener = new CollectingListener(0);
    coordinator.addListener(""test"", EventContext.SUBTREE_SCOPE, subtreeListener);
    final CollectingListener oneLevelListener = new CollectingListener(1);
    coordinator.addListener(""test"", EventContext.ONELEVEL_SCOPE, oneLevelListener);
    coordinator.fireEvent(context, new CompositeName(""test/path""), null, null, NamingEvent.OBJECT_ADDED, ""bind"", EventContext.ONELEVEL_SCOPE);
    oneLevelListener.latch.await(1, TimeUnit.SECONDS);
    assertTrue(objectListener.capturedEvents.isEmpty());
    assertTrue(subtreeListener.capturedEvents.isEmpty());
    assertEquals(1, oneLevelListener.capturedEvents.size());
}"
wildfly_wildfly,b19048b72669fc0e96665b1b125dc1fda21f5993.testLookupBindingUsingNestedContext,OD,UC,"@Test
public void testLookupBindingUsingNestedContext() throws Exception {
    final ServiceName bindingName = ServiceName.JBOSS.append(""foo"", ""bar"", ""baz"", ""TestBean"");
    final Object value = new Object();
    bindObject(bindingName, value);
    Object context = store.lookup(new CompositeName(""foo""));
    assertNotNull(context);
    assertTrue(context instanceof Context);
    Object obj = Context.class.cast(context).lookup(new CompositeName(""bar/baz/TestBean""));
    assertNotNull(obj);
    assertEquals(value, obj);
    context = Context.class.cast(context).lookup(new CompositeName(""bar""));
    obj = Context.class.cast(context).lookup(new CompositeName(""baz/TestBean""));
    assertNotNull(obj);
    assertEquals(value, obj);
    context = Context.class.cast(context).lookup(new CompositeName(""baz""));
    obj = Context.class.cast(context).lookup(new CompositeName(""TestBean""));
    assertNotNull(obj);
    assertEquals(value, obj);
}"
wildfly_wildfly,b19048b72669fc0e96665b1b125dc1fda21f5993.testLookupBinding.2.,OD,UC,"@Test
public void testLookupBinding() throws Exception {
    final ServiceName bindingName = ServiceName.JBOSS.append(""foo"", ""bar"");
    final Object value = new Object();
    bindObject(bindingName, value);
    final Object obj = store.lookup(new CompositeName(""foo/bar""));
    assertNotNull(obj);
    assertEquals(value, obj);
}"
wildfly_wildfly,b19048b72669fc0e96665b1b125dc1fda21f5993.testFireAllEvent,OD,async,"@Test
public void testFireAllEvent() throws Exception {
    final NamingEventCoordinator coordinator = new NamingEventCoordinator();
    final CollectingListener objectListener = new CollectingListener(1);
    coordinator.addListener(""test/path"", EventContext.OBJECT_SCOPE, objectListener);
    final CollectingListener subtreeListener = new CollectingListener(1);
    coordinator.addListener(""test"", EventContext.SUBTREE_SCOPE, subtreeListener);
    final CollectingListener oneLevelListener = new CollectingListener(1);
    coordinator.addListener(""test"", EventContext.ONELEVEL_SCOPE, oneLevelListener);
    coordinator.fireEvent(context, new CompositeName(""test/path""), null, null, NamingEvent.OBJECT_ADDED, ""bind"", EventContext.OBJECT_SCOPE, EventContext.ONELEVEL_SCOPE, EventContext.SUBTREE_SCOPE);
    objectListener.latch.await(1, TimeUnit.SECONDS);
    oneLevelListener.latch.await(1, TimeUnit.SECONDS);
    subtreeListener.latch.await(1, TimeUnit.SECONDS);
    assertEquals(1, objectListener.capturedEvents.size());
    assertEquals(1, subtreeListener.capturedEvents.size());
    assertEquals(1, oneLevelListener.capturedEvents.size());
}"
graylog2_graylog2-server,KafkaJournalTest.serverStatusThrottledIfJournalUtilizationIsHigherThanThreshold,conc,time,"@Test
public void serverStatusThrottledIfJournalUtilizationIsHigherThanThreshold() throws Exception {
    serverStatus.running();
    final Size segmentSize = Size.kilobytes(1L);
    final KafkaJournal journal = new KafkaJournal(journalDirectory, scheduler, segmentSize, Duration.standardSeconds(1L), Size.kilobytes(4L), Duration.standardSeconds(1L), 1000000, Duration.standardSeconds(1L), 90, new MetricRegistry(), serverStatus);
    createBulkChunks(journal, segmentSize, 4);
    journal.flushDirtyLogs();
    journal.cleanupLogs();
    assertThat(serverStatus.getLifecycle()).isEqualTo(THROTTLED);
}"
commercetools-project-sync,InventoryEntrySyncerTest.syncWithError_ShouldCallErrorCallback,OD,conc,"@Test
void syncWithError_ShouldCallErrorCallback() {
    final TestLogger syncerTestLogger = TestLoggerFactory.getTestLogger(InventoryEntrySyncer.class);
    final SphereClient sourceClient = mock(SphereClient.class);
    final SphereClient targetClient = mock(SphereClient.class);
    when(sourceClient.getConfig()).thenReturn(SphereApiConfig.of(""source-project""));
    when(targetClient.getConfig()).thenReturn(SphereApiConfig.of(""target-project""));
    final List<InventoryEntry> inventoryEntries = Collections.singletonList(readObjectFromResource(""inventory-no-sku.json"", InventoryEntry.class));
    final PagedQueryResult<InventoryEntry> pagedQueryResult = mock(PagedQueryResult.class);
    when(pagedQueryResult.getResults()).thenReturn(inventoryEntries);
    when(sourceClient.execute(any(InventoryEntryQuery.class))).thenReturn(CompletableFuture.completedFuture(pagedQueryResult));
    final InventoryEntrySyncer inventoryEntrySyncer = InventoryEntrySyncer.of(sourceClient, targetClient, mock(Clock.class));
    inventoryEntrySyncer.sync(null, true).toCompletableFuture().join();
    final LoggingEvent errorLog = syncerTestLogger.getAllLoggingEvents().get(1);
    assertThat(errorLog.getMessage()).isEqualTo(""Error when trying to sync inventory entry. Existing key: <<not present>>. Update actions: []"");
    assertThat(errorLog.getThrowable().get().getMessage()).isEqualTo(""InventoryEntryDraft doesn't have a SKU. Please make sure all inventory entry drafts have SKUs."");
}"
kiwiproject_dropwizard-service-utilities,SystemExecutionerTest.shouldExitBeforeGivenWaitTime_WhenWaitingThreadInterrupted,time,async,"@Test
void shouldExitBeforeGivenWaitTime_WhenWaitingThreadInterrupted() {
    var executorService = Executors.newFixedThreadPool(2);
    var executionStrategy = new ExecutionStrategies.ExitFlaggingExecutionStrategy();
    var executioner = new SystemExecutioner(executionStrategy);
    var startTime = new AtomicLong();
    var executionFuture = executorService.submit(() -> {
        LOG.info(""Calling executioner with 5 second wait"");
        startTime.set(System.nanoTime());
        executioner.exit(5, TimeUnit.SECONDS);
    });
    var killerSleepTimeMillis = 100;
    var killerFuture = executorService.submit(() -> {
        LOG.info(""Sleeping for {} milliseconds..."", killerSleepTimeMillis);
        new DefaultEnvironment().sleepQuietly(killerSleepTimeMillis, TimeUnit.MILLISECONDS);
        LOG.info(""I'm awake and will now interrupt executionThread"");
        var canceled = executionFuture.cancel(true);
        LOG.info(""executionFuture was canceled? {}"", canceled);
    });
    await().atMost(ONE_SECOND).until(() -> executionFuture.isDone() && killerFuture.isDone());
    long elapsedNanos = System.nanoTime() - startTime.get();
    assertThat(executionStrategy.didExit()).describedAs(""Execution strategy exit() should have been called"").isTrue();
    assertThat(TimeUnit.NANOSECONDS.toMillis(elapsedNanos)).describedAs(""Elapsed millis must be greater than %d"", killerSleepTimeMillis).isGreaterThan(killerSleepTimeMillis);
    executorService.shutdown();
    await().atMost(ONE_SECOND).until(executorService::isShutdown);
}"
spring-projects_spring-framework,validUsage,time,async,"@Test
void validUsage() throws Exception {
    assertThat(stopWatch.isRunning()).isFalse();
    stopWatch.start(name1);
    Thread.sleep(duration1);
    assertThat(stopWatch.isRunning()).isTrue();
    assertThat(stopWatch.currentTaskName()).isEqualTo(name1);
    stopWatch.stop();
    assertThat(stopWatch.isRunning()).isFalse();
    assertThat(stopWatch.getLastTaskTimeNanos())
    .as(""last task time in nanoseconds for task #2"")
    .isGreaterThanOrEqualTo(millisToNanos(duration2))
    .isLessThanOrEqualTo(millisToNanos(duration2 + fudgeFactor));
    assertThat(stopWatch.getTotalTimeMillis())
    .as(""total time in milliseconds for tasks #1 and #2"")
    .isGreaterThanOrEqualTo(duration1 + duration2 - fudgeFactor)
    .isLessThanOrEqualTo(duration1 + duration2 + fudgeFactor);
    assertThat(stopWatch.getTotalTimeSeconds())
    .as(""total time in seconds for task #2"")
    .isGreaterThanOrEqualTo((duration1 + duration2 - fudgeFactor) / 1000.0)
    .isLessThanOrEqualTo((duration1 + duration2 + fudgeFactor) / 1000.0);
    assertThat(stopWatch.getTaskCount()).isEqualTo(2);
    assertThat(stopWatch.prettyPrint()).contains(name1, name2);
    assertThat(stopWatch.getTaskInfo()).extracting(TaskInfo::getTaskName).containsExactly(name1, name2);
    assertThat(stopWatch.toString()).contains(ID, name1, name2);
    assertThat(stopWatch.getId()).isEqualTo(ID);
}"
neo4j_neo4j,RobustJobSchedulerWrapperTest.recurringJobWithErrorShouldStop,conc,async,"@Test
public void recurringJobWithErrorShouldStop() throws Exception
{
    RobustJobSchedulerWrapper robustWrapper = new RobustJobSchedulerWrapper( actualScheduler, log );
    AtomicInteger count = new AtomicInteger();
    Error e = new Error();
    JobHandle jobHandle = robustWrapper.scheduleRecurring( ""JobName"", 1, () ->{
        count.incrementAndGet();
        throw e;
    }
    );
    Thread.sleep( 50 );
    assertEventually( ""run count"", count::get, Matchers.equalTo( 1 ), DEFAULT_TIMEOUT_MS , MILLISECONDS );
    robustWrapper.cancelAndWaitTermination( jobHandle );
    verify( log, timeout( DEFAULT_TIMEOUT_MS ).times( 1 ) ).error( ""Uncaught error rethrown"", e );
}"
wildfly_wildfly,b19048b72669fc0e96665b1b125dc1fda21f5993.testFireMultipleLevelEvent,OD,conc,"@Test
public void testFireMultiLevelEvent() throws Exception {
    final NamingEventCoordinator coordinator = new NamingEventCoordinator();
    final CollectingListener subtreeListener = new CollectingListener(1);
    coordinator.addListener(""foo"", EventContext.SUBTREE_SCOPE, subtreeListener);
    final CollectingListener subtreeListenerTwo = new CollectingListener(1);
    coordinator.addListener(""foo/bar"", EventContext.SUBTREE_SCOPE, subtreeListenerTwo);
    final CollectingListener subtreeListenerThree = new CollectingListener(1);
    coordinator.addListener(""foo/bar/baz"", EventContext.SUBTREE_SCOPE, subtreeListenerThree);
    coordinator.fireEvent(context, new CompositeName(""foo/bar/baz/boo""), null, null, NamingEvent.OBJECT_ADDED, ""bind"", EventContext.OBJECT_SCOPE, EventContext.ONELEVEL_SCOPE, EventContext.SUBTREE_SCOPE);
    subtreeListener.latch.await(1, TimeUnit.SECONDS);
    subtreeListenerTwo.latch.await(1, TimeUnit.SECONDS);
    subtreeListenerThree.latch.await(1, TimeUnit.SECONDS);
    assertEquals(1, subtreeListener.capturedEvents.size());
    assertEquals(1, subtreeListenerTwo.capturedEvents.size());
    assertEquals(1, subtreeListenerThree.capturedEvents.size());
}"
androidx_androidx,testOneTimeRequest_noInitialDelay,time,OD,"@Test
public void testOneTimeRequest_noInitialDelay() {
    val request = OneTimeWorkRequestBuilder<TestWorker>().build();
    val task = mTaskConverter.convert(request.workSpec);
    assertEquals(task.serviceName, WorkManagerGcmService::class.java.name);
    assertEquals(task.isPersisted, false);
    assertEquals(task.isUpdateCurrent, true);
    assertEquals(task.requiredNetwork, Task.NETWORK_STATE_ANY);
    assertEquals(task.requiresCharging, false);
    assertEquals(task.windowStart, 0L);
    assertEquals(task.windowEnd, 0L + EXECUTION_WINDOW_SIZE_IN_SECONDS);
}"
wildfly_wildfly,b19048b72669fc0e96665b1b125dc1fda21f5993.testFireSubTreeEvent,OD,async,"@Test
public void testFireSubTreeEvent() throws Exception {
    final NamingEventCoordinator coordinator = new NamingEventCoordinator();
    final CollectingListener objectListener = new CollectingListener(0);
    coordinator.addListener(""test/path"", EventContext.OBJECT_SCOPE, objectListener);
    final CollectingListener subtreeListener = new CollectingListener(1);
    coordinator.addListener(""test"", EventContext.SUBTREE_SCOPE, subtreeListener);
    final CollectingListener oneLevelListener = new CollectingListener(0);
    coordinator.addListener(""test"", EventContext.ONELEVEL_SCOPE, oneLevelListener);
    coordinator.fireEvent(context, new CompositeName(""test/path""), null, null, NamingEvent.OBJECT_ADDED, ""bind"", EventContext.SUBTREE_SCOPE);
    subtreeListener.latch.await(1, TimeUnit.SECONDS);
    assertTrue(objectListener.capturedEvents.isEmpty());
    assertTrue(oneLevelListener.capturedEvents.isEmpty());
    assertEquals(1, subtreeListener.capturedEvents.size());
}"
apache_cassandra,testWithMismatchingPending,conc,async,"@Test
public void testWithMismatchingPending() throws Throwable
{
    try(Cluster cluster = init(Cluster.build(2).withConfig(config -> config.with(GOSSIP).with(NETWORK)).start()))
    {
        cluster.schemaChange(""create table "" + KEYSPACE + "".tbl (id int primary key, t int)"");
        insert(cluster.coordinator(1), 0, 100);
        cluster.forEach((node) -> node.flush(KEYSPACE));
        cluster.get(1).callOnInstance(repair(options(false)));
        insert(cluster.coordinator(1), 100, 100);
        cluster.forEach((node) -> node.flush(KEYSPACE));
        cluster.forEach((node) -> node.runOnInstance(() -> {
            ColumnFamilyStore cfs = Keyspace.open(KEYSPACE).getColumnFamilyStore(""tbl"");
            FBUtilities.waitOnFutures(CompactionManager.instance.submitBackground(cfs));
            cfs.disableAutoCompaction();
        }));
        cluster.get(1).callOnInstance(repair(options(false)));
        cluster.get(1).runOnInstance(() -> {
            ColumnFamilyStore cfs = Keyspace.open(KEYSPACE).getColumnFamilyStore(""tbl"");
            cfs.enableAutoCompaction();
            FBUtilities.waitOnFutures(CompactionManager.instance.submitBackground(cfs));
        });
        RepairResult rs = cluster.get(1).callOnInstance(repair(options(true)));
        assertTrue(rs.success);
        assertFalse(rs.wasInconsistent);
    }
}"
neo4j_neo4j,shouldBuildUpGracefullyUntilReachedMinPoolSize,conc,async,"@Test
public void shouldBuildUpGracefullyUntilReachedMinPoolSize() throws InterruptedException
{
    StatefulMonitor stateMonitor = new StatefulMonitor();
    FakeClock clock = new FakeClock();
    final LinkedQueuePool<Object> pool = getLinkedQueuePool( stateMonitor, clock, 5 );
    ExecutorService executor = Executors.newCachedThreadPool();
    List<FlyweightHolder<Object>> flyweightHolders = acquireFromPool( pool, 5, executor );
    executor.shutdown();
    for ( FlyweightHolder<Object> flyweightHolder : flyweightHolders )
    {
        flyweightHolder.release();
    }
    executor.awaitTermination( 10, TimeUnit.SECONDS );
    assertEquals( -1, stateMonitor.currentPeakSize.get() );
    assertEquals( -1, stateMonitor.targetSize.get() );
    assertEquals( 0, stateMonitor.disposed.get() );
}"
opensearch-project_OpenSearch,testListenerFailures,async,conc,"@Test
public void testListenerFailures() throws InterruptedException {
    int iters = iterations(10, 100);
    for (int i = 0; i < iters; i++) {
        try (TestIteration iteration = new TestIteration()) {
            iteration.transport.endConnectMode();
            final CountDownLatch latch = new CountDownLatch(1);
            final AtomicInteger finalFailures = new AtomicInteger();
            final AtomicReference<Throwable> finalFailure = new AtomicReference<>();
            final AtomicReference<TestResponse> response = new AtomicReference<>();
            ActionListener<TestResponse> actionListener = new ActionListener<TestResponse>();
            final AtomicInteger preSendFailures = new AtomicInteger();
            iteration.transportClientNodesService.execute((node, retryListener) -> {
                if (rarely()) {
                    preSendFailures.incrementAndGet();
                    throw new IllegalArgumentException();
                }
                iteration.transportService.sendRequest(node, ""action"", new TestRequest(),
                TransportRequestOptions.EMPTY, new TransportResponseHandler<TestResponse>() {
                }, actionListener);
                assertThat(latch.await(1, TimeUnit.SECONDS), equalTo(true));
                assertThat(preSendFailures.get() + iteration.transport.failures() + iteration.transport.successes(), lessThanOrEqualTo(1));
                if (iteration.transport.successes() == 1) {
                    assertThat(finalFailures.get(), equalTo(0));
                    assertThat(finalFailure.get(), nullValue());
                    assertThat(response.get(), notNullValue());
                } else {
                    assertThat(finalFailures.get(), equalTo(1));
                    assertThat(finalFailure.get(), notNullValue());
                    assertThat(response.get(), nullValue());
                    if (preSendFailures.get() == 0 && iteration.transport.failures() == 0) {
                        assertThat(finalFailure.get(), instanceOf(NoNodeAvailableException.class));
                    }
                }
                assertThat(iteration.transport.triedNodes().size(), lessThanOrEqualTo(iteration.listNodesCount));
                assertThat(iteration.transport.triedNodes().size(), equalTo(iteration.transport.connectTransportExceptions() + iteration.transport.failures() + iteration.transport.successes()));
            });
        }
    }
}"
neo4j_neo4j,schema.IndexPopulationIT.shutdownDatabaseDuringIndexPopulations,conc,OD,"@Test
public void shutdownDatabaseDuringIndexPopulations() {
    AssertableLogProvider assertableLogProvider = new AssertableLogProvider(true);
    File storeDir = directory.directory(""shutdownDbTest"");
    Label testLabel = Label.label(""testLabel"");
    String propertyName = ""testProperty"";
    GraphDatabaseService shutDownDb = new TestGraphDatabaseFactory().setInternalLogProvider(assertableLogProvider).newEmbeddedDatabase(storeDir);
    prePopulateDatabase(shutDownDb, testLabel, propertyName);
    try (final Transaction transaction = shutDownDb.beginTx()) {
        shutDownDb.schema().indexFor(testLabel).on(propertyName).create();
        transaction.success();
    }
    shutDownDb.shutdown();
    assertableLogProvider.assertNone(AssertableLogProvider.inLog(IndexPopulationJob.class).anyError());
}"
apache_kafka,testForceMetadataRefreshForPatternSubscriptionDuringRebalance,conc,async,"@Test
public void testForceMetadataRefreshForPatternSubscriptionDuringRebalance() {
    final String consumerId = ""consumer"";
    subscriptions.subscribe(Pattern.compile("".*""), rebalanceListener);
    client.updateMetadata(TestUtils.metadataUpdateWith(1, singletonMap(topic1, 1)));
    assertEquals(singleton(topic1), subscriptions.subscription());
    client.prepareResponse(groupCoordinatorResponse(node, Errors.NONE));
    coordinator.ensureCoordinatorReady(time.timer(Long.MAX_VALUE));
    client.prepareMetadataUpdate(metadataResponse);
    client.prepareResponse(joinGroupFollowerResponse(1, consumerId, ""leader"", Errors.NONE));
    client.prepareResponse(new MockClient.RequestMatcher() {
        @Override
        public boolean matches(AbstractRequest body) {
            SyncGroupRequest sync = (SyncGroupRequest) body;
            return sync.memberId().equals(consumerId) &&
            sync.generationId() == 1 &&
            sync.groupAssignment().isEmpty();
        }
    }, syncGroupResponse(singletonList(t1p), Errors.NONE));
    partitionAssignor.prepare(singletonMap(consumerId, singletonList(t1p)));
    coordinator.poll(time.timer(Long.MAX_VALUE));
    final Set<String> updatedSubscriptionSet = new HashSet<>(Arrays.asList(topic1, topic2));
    assertEquals(updatedSubscriptionSet, subscriptions.subscription());
    metadata.requestUpdate();
    client.poll(Long.MAX_VALUE, time.milliseconds());
    assertFalse(coordinator.rejoinNeededOrPending());
}"
square_okhttp,DuplexTest.duplexWithRedirect,async,conc,"@Test
public void duplexWithRedirect() throws Exception {
    enableProtocol(HTTP_2);
    MockDuplexResponseBody mockDuplexResponseBody = enqueueResponseWithBody(new MockResponse().clearHeaders().setResponseCode(HttpURLConnection.HTTP_MOVED_PERM).addHeader(""Location: /b""), new MockDuplexResponseBody().sendResponse(""/a has moved!\n"").requestIOException().exhaustResponse());
    server.enqueue(new MockResponse().setBody(""this is /b""));
    Call call = client.newCall(new Request.Builder().url(server.url(""/"")).post(new AsyncRequestBody()).build());
    try (final Response response = call.execute()) {
        BufferedSource responseBody = response.body().source();
        assertThat(responseBody.readUtf8Line()).isEqualTo(""this is /b"");
    }
    BufferedSink requestBody = ((AsyncRequestBody) (call.request().body())).takeSink();
    try {
        requestBody.writeUtf8(""request body\n"");
        requestBody.flush();
        fail();
    } catch (IOException expected) {
        assertThat(expected.getMessage()).isEqualTo(""stream was reset: CANCEL"");
    }
    mockDuplexResponseBody.awaitSuccess();
    assertThat(listener.recordedEventTypes()).containsExactly(""CallStart"", ""DnsStart"", ""DnsEnd"", ""ConnectStart"", ""SecureConnectStart"", ""SecureConnectEnd"", ""ConnectEnd"", ""ConnectionAcquired"", ""RequestHeadersStart"", ""RequestHeadersEnd"", ""RequestBodyStart"", ""ResponseHeadersStart"", ""ResponseHeadersEnd"", ""ResponseBodyStart"", ""ResponseBodyEnd"", ""RequestHeadersStart"", ""RequestHeadersEnd"", ""ResponseHeadersStart"", ""ResponseHeadersEnd"", ""ResponseBodyStart"", ""ResponseBodyEnd"", ""ConnectionReleased"", ""CallEnd"", ""RequestFailed"");
}"
androidx_androidx,invalidationInAnotherInstance_closed,async,time,"@Test
public void invalidationInAnotherInstance_closed() throws Exception {
    final SampleDatabase db1 = openDatabase(true);
    final SampleDatabase db2 = openDatabase(true);
    final SampleDatabase db3 = openDatabase(true);
    final CountDownLatch invalidated1 = prepareTableObserver(db1);
    final Pair<CountDownLatch, CountDownLatch> changed1 = prepareLiveDataObserver(db1);
    final CountDownLatch invalidated2 = prepareTableObserver(db2);
    final Pair<CountDownLatch, CountDownLatch> changed2 = prepareLiveDataObserver(db2);
    final CountDownLatch invalidated3 = prepareTableObserver(db3);
    final Pair<CountDownLatch, CountDownLatch> changed3 = prepareLiveDataObserver(db3);
    db2.getCustomerDao().insert(CUSTOMER_1);
    assertTrue(invalidated1.await(3, TimeUnit.SECONDS));
    assertTrue(changed1.first.await(3, TimeUnit.SECONDS));
    assertTrue(invalidated2.await(3, TimeUnit.SECONDS));
    assertTrue(changed2.first.await(3, TimeUnit.SECONDS));
    assertTrue(invalidated3.await(3, TimeUnit.SECONDS));
    assertTrue(changed3.first.await(3, TimeUnit.SECONDS));
    db3.close();
    db2.getCustomerDao().insert(CUSTOMER_2);
    assertTrue(changed1.second.await(3, TimeUnit.SECONDS));
    assertTrue(changed2.second.await(3, TimeUnit.SECONDS));
    assertFalse(changed3.second.await(300, TimeUnit.MILLISECONDS));
}"
androidx_androidx,testSetCallbackWithNull,async,OD,"@Test
public void testSetCallbackWithNull() throws Exception {
    mSession.setActive(true);
    mCallback.reset(1);
    mSession.setCallback(null, mHandler);
    assertEquals(""Callback shouldn't be called."", 0, mCallback.mOnPlayCalledCount);
}"
wildfly_wildfly,b19048b72669fc0e96665b1b125dc1fda21f5993.testOnlyExternalContextAllowsCache,OD,conc,"@Test
public void testOnlyExternalContextAllowsCache() throws Exception {
    KernelServices services = createKernelServicesBuilder(AdditionalInitialization.MANAGEMENT)
    .build();
    Assert.assertTrue(services.isSuccessfulBoot());
    List<ModelNode> list = parse(ModelTestUtils.readResource(this.getClass(), ""subsystem.xml""));
    for (ModelNode addOp : list) {
        PathAddress addr = PathAddress.pathAddress(addOp.require(ModelDescriptionConstants.OP_ADDR));
        if (addr.size() == 2 && addr.getLastElement().getKey().equals(NamingSubsystemModel.BINDING) && BindingType.forName(addOp.get(NamingBindingResourceDefinition.BINDING_TYPE.getName()).asString()) != BindingType.EXTERNAL_CONTEXT) {
            addOp.get(NamingBindingResourceDefinition.CACHE.getName()).set(true);
            services.executeForFailure(addOp);
            addOp.remove(NamingBindingResourceDefinition.CACHE.getName());
            ModelTestUtils.checkOutcome(services.executeOperation(addOp));
            ModelTestUtils.checkFailed(services.executeOperation(Util.getWriteAttributeOperation(addr, NamingBindingResourceDefinition.CACHE.getName(), new ModelNode(true))));
        } else {
            ModelTestUtils.checkOutcome(services.executeOperation(addOp));
        }
    }"
GoogleCloudPlatform_google-cloud-eclipse,CreateAppEngineStandardWtpProjectTest.testNoTestClassesInDeploymentAssembly,async,OD,"@Test
public void testNoTestClassesInDeploymentAssembly()
throws InvocationTargetException, CoreException {
    CreateAppEngineWtpProject creator = new CreateAppEngineStandardWtpProject(config, adaptable);
    creator.execute(monitor);
    ProjectUtils.waitForProjects(project);
    assertNoTestClassesInDeploymentAssembly();
}
private void assertNoTestClassesInDeploymentAssembly() throws CoreException {
    StructureEdit core = StructureEdit.getStructureEditForRead(project);
    WorkbenchComponent component = core.getComponent();
    assertNotNull(component);
    boolean seenMainSourcePath = false;
    List<ComponentResource> resources = component.getResources();
    for (ComponentResource resource : resources) {
        assertFalse(containsSegment(resource.getSourcePath(), ""test""));
        if (resource.getSourcePath().equals(new Path(""/src/main/java""))
        && resource.getRuntimePath().equals(new Path(""/WEB-INF/classes""))) {
            seenMainSourcePath = true;
        }
    }
    assertTrue(seenMainSourcePath);
}"
ReactiveX_RxJava,OperatorRetryTest.testRetryWithBackpressure,conc,async,"@Test
public void testRetryWithBackpressure() throws InterruptedException {
    final int NUM_RETRIES = RxRingBuffer.SIZE * 2;
    for (int i = 0; i < 400; i++) {
        @SuppressWarnings(""unchecked"")
        Observer<String> observer = mock(Observer.class);
        Observable<String> origin = Observable.create(new FuncWithErrors(NUM_RETRIES));
        TestSubscriber<String> ts = new TestSubscriber<String>(observer);
        origin.retry().observeOn(Schedulers.computation()).unsafeSubscribe(ts);
        ts.awaitTerminalEvent(5, TimeUnit.SECONDS);
        InOrder inOrder = inOrder(observer);
        verify(observer, never()).onError(any(Throwable.class));
        inOrder.verify(observer, times(NUM_RETRIES + 1)).onNext(""beginningEveryTime"");
        inOrder.verify(observer, times(1)).onNext(""onSuccessOnly"");
        inOrder.verify(observer, times(1)).onCompleted();
        inOrder.verifyNoMoreInteractions();
    }
}"
wildfly_wildfly,b19048b72669fc0e96665b1b125dc1fda21f5993.testListBindings.2.,OD,UC,"@Test
public void testListBindings() throws Exception {
    final Object value = new Object();
    bindObject(ServiceName.JBOSS.append(""TestBean""), value);
    bindObject(ServiceName.JBOSS.append(""foo"", ""TestBean""), value);
    bindObject(ServiceName.JBOSS.append(""foo"", ""bar"", ""TestBean""), value);
    bindObject(ServiceName.JBOSS.append(""foo"", ""bar"", ""baz"", ""TestBean""), value);
    store.add(ServiceName.JBOSS.append(""foos"", ""bar""));
    store.add(ServiceName.JBOSS.append(""fo"", ""bar""));
    store.add(ServiceName.JBOSS.append(""foo"", ""ba"", ""baz""));
    store.add(ServiceName.JBOSS.append(""foo"", ""bart"", ""baz""));
    store.add(ServiceName.JBOSS.append(""foo"", ""bar"", ""ba""));
    store.add(ServiceName.JBOSS.append(""foo"", ""bar"", ""bazt""));
    store.add(ServiceName.JBOSS.append(""foo"", ""bar"", ""art""));
    store.add(ServiceName.JBOSS.append(""other"", ""one""));
    List<Binding> list = store.listBindings(new CompositeName(""""));
    assertEquals(5, list.size());
    assertContains(list, ""TestBean"", Object.class);
    assertContains(list, ""foo"", NamingContext.class);
    assertContains(list, ""fo"", NamingContext.class);
    assertContains(list, ""foos"", NamingContext.class);
    assertContains(list, ""other"", NamingContext.class);
    list = store.listBindings(new CompositeName(""foo""));
    assertEquals(4, list.size());
    assertContains(list, ""TestBean"", Object.class);
    assertContains(list, ""ba"", NamingContext.class);
    assertContains(list, ""bart"", NamingContext.class);
    assertContains(list, ""bar"", NamingContext.class);
    for (Binding binding : list) {
        if (binding.getName().equals(""bar"")) {
            final Object bean = Context.class.cast(binding.getObject()).lookup(""TestBean"");
            assertNotNull(bean);
            assertEquals(value, bean);
        }
    }
}"
GoogleCloudPlatform_google-cloud-eclipse,XmlValidatorTest.testValidate_badXml,async,OD,"@Test
public void testValidate_badXml() throws IOException, CoreException {
    XmlValidator validator = new XmlValidator();
    validator.setHelper(new AppEngineWebXmlValidator());
    IFile file = createBogusProjectFile();
    byte[] badXml = BAD_XML.getBytes(StandardCharsets.UTF_8);
    validator.validate(file, badXml);
    IMarker[] emptyMarkers =
    ProjectUtils.waitUntilNoMarkersFound(file, PROBLEM, true, DEPTH_ZERO);
    ArrayAssertions.assertIsEmpty(emptyMarkers);
}"
apache_camel,KafkaConsumerTopicIsPatternIT.kafkaTopicIsPattern,OD,async,"@Test
public void kafkaTopicIsPattern() throws Exception {
    to.expectedMessageCount(5);
    to.expectedBodiesReceivedInAnyOrder(""message-0"", ""message-1"", ""message-2"", ""message-3"", ""message-4"");
    to.allMessages().header(TOPIC).isEqualTo(""test"");
    to.expectedHeaderValuesReceivedInAnyOrder(LAST_RECORD_BEFORE_COMMIT, null, null, null, null, null);
    for (int k = 0; k < 5; k++) {
        String msg = ""message-"" + k;
        ProducerRecord<String, String> data = new ProducerRecord<>(TOPIC, ""1"", msg);
        producer.send(data);
    }
    to.assertIsSatisfied(3000);
    assertEquals(5, StreamSupport.stream(recordsCaptured.get(0).records(TOPIC).spliterator(), false).count());
}"
Ericsson_ecchronos,TestRepairTask.testRepairSuccessfully,UC,async,"@Test
public void testRepairSuccessfully() throws InterruptedException {
    Collection<LongTokenRange> ranges = new ArrayList<>();
    LongTokenRange range1 = new LongTokenRange(1, 2);
    LongTokenRange range2 = new LongTokenRange(3, 4);
    ranges.add(range1);
    ranges.add(range2);
    final RepairTask repairTask = new RepairTask.Builder().withJMXProxyFactory(jmxProxyFactory).withTableReference(myTableReference).withTokenRanges(ranges).withTableRepairMetrics(myTableRepairMetrics).withRepairHistory(repairHistory).withJobId(jobId).withReplicas(participants).build();
    CountDownLatch cdl = startRepair(repairTask, false);
    Notification notification = new Notification(""progress"", ""repair:1"", 0, getRepairMessage(range1));
    notification.setUserData(getNotificationData(PROGRESS.ordinal(), 1, 2));
    proxy.notify(notification);
    notification = new Notification(""progress"", ""repair:1"", 1, getRepairMessage(range2));
    notification.setUserData(getNotificationData(PROGRESS.ordinal(), 2, 2));
    proxy.notify(notification);
    notification = new Notification(""progress"", ""repair:1"", 2, ""Done with repair"");
    notification.setUserData(getNotificationData(COMPLETE.ordinal(), 2, 2));
    proxy.notify(notification);
    cdl.await();
    assertThat(repairTask.getUnknownRanges()).isNull();
    assertThat(repairTask.getCompletedRanges()).containsExactlyElementsOf(ranges);
    assertThat(proxy.myOptions.get(RANGES_KEY)).isNotEmpty();
    verify(myTableRepairMetrics).repairTiming(eq(TABLE_REFERENCE), anyLong(), any(TimeUnit.class), eq(true));
    verify(repairSessions.get(range1)).start();
    verify(repairSessions.get(range2)).start();
    verify(repairSessions.get(range1)).finish(eq(SUCCESS));
    verify(repairSessions.get(range2)).finish(eq(SUCCESS));
}"
spring-projects_spring-data-envers,5637994be37747e82b2d6d5b34555e2bee791fe6.testWithRevisions,OD,UC,"@Test
public void testWithRevisions() {
    Country de = new Country();
    de.code = ""de"";
    de.name = ""Deutschland"";
    countryRepository.save(de);
    de.name = ""Germany"";
    countryRepository.save(de);
    Revisions<Integer, Country> revisions = countryRepository.findRevisions(de.id);
    assertThat(revisions).hasSize(2);
    Iterator<Revision<Integer, Country>> iterator = revisions.iterator();
    Integer firstRevisionNumber = iterator.next().getRevisionNumber().get();
    Integer secondRevisionNumber = iterator.next().getRevisionNumber().get();
    assertThat(countryRepository.findRevision(de.id, firstRevisionNumber).get().getEntity().name)
    .isEqualTo(""Deutschland"");
    assertThat(countryRepository.findRevision(de.id, secondRevisionNumber).get().getEntity().name).isEqualTo(""Germany"");
}"
apache_beam,testBacklogLimiter,time,async,"@Test
public void testBacklogLimiter() {
    long duration = runWithRate(2 * RateLimiting.DEFAULT_MAX_PARALLELISM,-1.0 , new DelayFn<Integer>());
    Assert.assertThat(duration,greaterThan(2 * DelayFn.DELAY_MS));
}"
palantir_atlasdb,incrementUpperLimitIfOneMinuteElapsedSinceLastUpdate,async,time,"@Test
public void incrementUpperLimitIfOneMinuteElapsedSinceLastUpdate() throws InterruptedException {
    Clock clock = mock(Clock.class);
    when(clock.getTimeMillis()).thenReturn(0L, TWO_MINUTES_IN_MILLIS, 2 * TWO_MINUTES_IN_MILLIS, 3 * TWO_MINUTES_IN_MILLIS);
    TimestampBoundStore timestampBoundStore = initialTimestampBoundStore();
    PersistentTimestampService persistentTimestampService = PersistentTimestampService.create(timestampBoundStore, clock);
    persistentTimestampService.getFreshTimestamp();
    Thread.sleep(10);
    persistentTimestampService.getFreshTimestamp();
    Thread.sleep(10);
    verify(timestampBoundStore, atLeast(2)).storeUpperLimit(anyLong());
}"
ktuukkan_marine-api,af0003847db9ba822f67d4f1dceb8de3fe63250a.testSequenceListenerWithIncorrectOrder,OD,async,"@Test
public void testSequenceListenerWithIncorrectOrder() {
    SequenceListener sl = new SequenceListener();
    sl.sentenceRead(AIS_05_2);
    assertNull(sl.received);
    sl.sentenceRead(AIS_05_1);
    assertNull(sl.received);
    sl.sentenceRead(AIS_05_2);
    assertEquals(sl.received.toString(), MSG_05.toString());
}"
apache_pulsar,PersistentFailoverE2ETest.testSimpleConsumerEventsWithoutPartition,conc,async,"@Test
public void testSimpleConsumerEventsWithoutPartition() throws Exception {
    final String topicName = ""persistent"";
    final String subName = ""sub1"";
    final int numMsgs = 100;
    TestConsumerStateEventListener listener1 = new TestConsumerStateEventListener();
    TestConsumerStateEventListener listener2 = new TestConsumerStateEventListener();
    ConsumerBuilder<byte[]> consumerBuilder = pulsarClient.newConsumer().topic(topicName).subscriptionName(subName).acknowledgmentGroupTime(0, TimeUnit.SECONDS).subscriptionType(Failover);
    ConsumerBuilder<byte[]> consumerBulder1 = consumerBuilder.clone().consumerName(""1"").consumerEventListener(listener1).acknowledgmentGroupTime(0, TimeUnit.SECONDS);
    Consumer<byte[]> consumer1 = consumerBulder1.subscribe();
    Consumer<byte[]> consumer2 = consumerBuilder.clone().consumerName(""2"").consumerEventListener(listener2).subscribe();
    verifyConsumerActive(listener1, -1);
    verifyConsumerInactive(listener2, -1);
    PersistentTopic topicRef = ((PersistentTopic) (pulsar.getBrokerService().getTopicReference(topicName).get()));
    PersistentSubscription subRef = topicRef.getSubscription(subName);
    assertNotNull(topicRef);
    assertNotNull(subRef);
    assertTrue(subRef.getDispatcher().isConsumerConnected());
    assertEquals(subRef.getDispatcher().getType(), Failover);
    List<CompletableFuture<MessageId>> futures = Lists.newArrayListWithCapacity(numMsgs);
    Producer<byte[]> producer = pulsarClient.newProducer().topic(topicName).enableBatching(false).messageRoutingMode(SinglePartition).create();
    for (int i = 0; i < numMsgs; i++) {
        String message = ""my-message-"" + i;
        futures.add(producer.sendAsync(message.getBytes()));
    }
    FutureUtil.waitForAll(futures).get();
    futures.clear();
    rolloverPerIntervalStats();
    assertEquals(subRef.getNumberOfEntriesInBacklog(), numMsgs);
    Thread.sleep(ASYNC_EVENT_COMPLETION_WAIT);
    Message<byte[]> msg = null;
    Assert.assertNull(consumer2.receive(1, TimeUnit.SECONDS));
    for (int i = 0; i < numMsgs; i++) {
        msg = consumer1.receive(1, TimeUnit.SECONDS);
        Assert.assertNotNull(msg);
        Assert.assertEquals(new String(msg.getData()), ""my-message-"" + i);
        consumer1.acknowledge(msg);
    }
    rolloverPerIntervalStats();
    Thread.sleep(ASYNC_EVENT_COMPLETION_WAIT);
    assertEquals(subRef.getNumberOfEntriesInBacklog(), 0);
    for (int i = 0; i < numMsgs; i++) {
        String message = ""my-message-"" + i;
        futures.add(producer.sendAsync(message.getBytes()));
    }
    FutureUtil.waitForAll(futures).get();
    futures.clear();
    for (int i = 0; i < 5; i++) {
        msg = consumer1.receive(1, TimeUnit.SECONDS);
        Assert.assertNotNull(msg);
        Assert.assertEquals(new String(msg.getData()), ""my-message-"" + i);
        consumer1.acknowledge(msg);
    }
    for (int i = 5; i < 10; i++) {
        msg = consumer1.receive(1, TimeUnit.SECONDS);
        Assert.assertNotNull(msg);
        Assert.assertEquals(new String(msg.getData()), ""my-message-"" + i);
    }
    consumer1.close();
    Thread.sleep(CONSUMER_ADD_OR_REMOVE_WAIT_TIME);
    verifyConsumerActive(listener2, -1);
    verifyConsumerNotReceiveAnyStateChanges(listener1);
    for (int i = 5; i < numMsgs; i++) {
        msg = consumer2.receive(1, TimeUnit.SECONDS);
        Assert.assertNotNull(msg);
        Assert.assertEquals(new String(msg.getData()), ""my-message-"" + i);
        consumer2.acknowledge(msg);
    }
    Assert.assertNull(consumer2.receive(1, TimeUnit.SECONDS));
    rolloverPerIntervalStats();
    Thread.sleep(ASYNC_EVENT_COMPLETION_WAIT);
    assertEquals(subRef.getNumberOfEntriesInBacklog(), 0);
    for (int i = 0; i < numMsgs; i++) {
        String message = ""my-message-"" + i;
        futures.add(producer.sendAsync(message.getBytes()));
    }
    FutureUtil.waitForAll(futures).get();
    futures.clear();
    for (int i = 0; i < 5; i++) {
        msg = consumer2.receive(1, TimeUnit.SECONDS);
        Assert.assertNotNull(msg);
        Assert.assertEquals(new String(msg.getData()), ""my-message-"" + i);
        consumer2.acknowledge(msg);
    }
    consumer1 = consumerBulder1.subscribe();
    Thread.sleep(CONSUMER_ADD_OR_REMOVE_WAIT_TIME);
    for (int i = 5; i < numMsgs; i++) {
        msg = consumer1.receive(1, TimeUnit.SECONDS);
        Assert.assertNotNull(msg);
        Assert.assertEquals(new String(msg.getData()), ""my-message-"" + i);
        consumer1.acknowledge(msg);
    }
    Assert.assertNull(consumer1.receive(1, TimeUnit.SECONDS));
    rolloverPerIntervalStats();
    Thread.sleep(ASYNC_EVENT_COMPLETION_WAIT);
    assertEquals(subRef.getNumberOfEntriesInBacklog(), 0);
    for (int i = 0; i < numMsgs; i++) {
        String message = ""my-message-"" + i;
        futures.add(producer.sendAsync(message.getBytes()));
    }
    FutureUtil.waitForAll(futures).get();
    futures.clear();
    for (int i = 0; i < 5; i++) {
        msg = consumer1.receive(1, TimeUnit.SECONDS);
        Assert.assertNotNull(msg);
        Assert.assertEquals(new String(msg.getData()), ""my-message-"" + i);
        consumer1.acknowledge(msg);
    }
    TestConsumerStateEventListener listener3 = new TestConsumerStateEventListener();
    Consumer<byte[]> consumer3 = consumerBuilder.clone().consumerName(""3"").consumerEventListener(listener3).subscribe();
    Thread.sleep(CONSUMER_ADD_OR_REMOVE_WAIT_TIME);
    verifyConsumerInactive(listener3, -1);
    Assert.assertNull(consumer3.receive(1, TimeUnit.SECONDS));
    for (int i = 5; i < numMsgs; i++) {
        msg = consumer1.receive(1, TimeUnit.SECONDS);
        Assert.assertNotNull(msg);
        Assert.assertEquals(new String(msg.getData()), ""my-message-"" + i);
        consumer1.acknowledge(msg);
    }
    rolloverPerIntervalStats();
    Thread.sleep(ASYNC_EVENT_COMPLETION_WAIT);
    assertEquals(subRef.getNumberOfEntriesInBacklog(), 0);
    try {
        consumer1.unsubscribe();
        fail(""should fail"");
    } catch (PulsarClientException e) {
    }
    consumer1.close();
    Thread.sleep(CONSUMER_ADD_OR_REMOVE_WAIT_TIME);
    consumer2.close();
    Thread.sleep(CONSUMER_ADD_OR_REMOVE_WAIT_TIME);
    try {
        consumer3.unsubscribe();
    } catch (PulsarClientException e) {
        fail(""Should not fail"", e);
    }
    Thread.sleep(ASYNC_EVENT_COMPLETION_WAIT);
    subRef = topicRef.getSubscription(subName);
    assertNull(subRef);
    producer.close();
    consumer3.close();
    admin.topics().delete(topicName);
}"
apache_pulsar,ServerCnxTest.testDuplicateConcurrentSubscribeCommand,conc,async,"@Test
public void testDuplicateConcurrentSubscribeCommand() throws Exception {
    resetChannel();
    setChannelConnected();
    CompletableFuture<Topic> delayFuture = new CompletableFuture<>();
    doReturn(delayFuture).when(brokerService).getOrCreateTopic(any(String.class));
    ByteBuf clientCommand =
    Commands.newSubscribe(successTopicName, successSubName, 1, 1, Exclusive, 0, ""test"", 0);
    channel.writeInbound(clientCommand);
    clientCommand =
    Commands.newSubscribe(successTopicName, successSubName, 1, 1, Exclusive, 0, ""test"", 0);
    channel.writeInbound(clientCommand);
    Object response = getResponse();
    assertTrue(response instanceof CommandError, ""Response is not CommandError but "" + response);
    CommandError error = ((CommandError) (response));
    assertEquals(error.getError(), ServiceNotReady);
    channel.finish();
}"
spring-cloud_spring-cloud-config,GiteePropertyPathNotificationExtractorTests.giteeSample,UC,OD,"@Test
public void giteeSample() throws Exception {
    Map<String, Object> value = new ObjectMapper().readValue(new ClassPathResource(""pathsamples/gitee.json"").getInputStream(), new TypeReference<Map<String, Object>>() {});
    this.headers.set(""x-git-oschina-event"", ""Push Hook"");
    PropertyPathNotification extracted = this.extractor.extract(this.headers, value);
    assertThat(extracted).isNotNull();
    assertThat(extracted.getPaths()[0]).isEqualTo(""d.txt"");
}"
pholser_junit-quickcheck,ExhaustingAGivenSetTest.manyParameters,UC,OD,"@Test
public void manyParameters() throws Exception {
    assertThat(testResult(ManyParameters.class), isSuccessful());
    assertEquals(6, ManyParameters.iterations);
    assertEquals(asList(-1, -2, -4, -1, -2, -4), ManyParameters.firstTestCases);
    assertEquals(asList('r', 'r', 'r', 'y', 'y', 'y'), ManyParameters.secondTestCases);
}"
apache_pulsar,AntiAffinityNamespaceGroupTest.testBrokerSelectionForAntiAffinityGroup,conc,async,"@Test
public void testBrokerSelectionForAntiAffinityGroup() throws Exception {
    final String broker1 = primaryHost;
    final String broker2 = secondaryHost;
    final String cluster = pulsar1.getConfiguration().getClusterName();
    final String tenant = ""tenant-"" + UUID.randomUUID().toString();
    final String namespace1 = ((tenant + ""/"") + cluster) + ""/ns1"";
    final String namespace2 = ((tenant + ""/"") + cluster) + ""/ns2"";
    final String namespaceAntiAffinityGroup = ""group"";
    FailureDomain domain1 = new FailureDomain();
    domain1.brokers = Sets.newHashSet(broker1);
    admin1.clusters().createFailureDomain(cluster, ""domain1"", domain1);
    FailureDomain domain2 = new FailureDomain();
    domain2.brokers = Sets.newHashSet(broker2);
    admin1.clusters().createFailureDomain(cluster, ""domain2"", domain2);
    admin1.tenants().createTenant(tenant, new TenantInfo(null, Sets.newHashSet(cluster)));
    admin1.namespaces().createNamespace(namespace1);
    admin1.namespaces().createNamespace(namespace2);
    admin1.namespaces().setNamespaceAntiAffinityGroup(namespace1, namespaceAntiAffinityGroup);
    admin1.namespaces().setNamespaceAntiAffinityGroup(namespace2, namespaceAntiAffinityGroup);
    for (int i = 0; i < 5; i++) {
        if ((!isLoadManagerUpdatedDomainCache(primaryLoadManager)) || (!isLoadManagerUpdatedDomainCache(secondaryLoadManager))) {
            Thread.sleep(200);
        } else {
            break;
        }
    }
    assertTrue(isLoadManagerUpdatedDomainCache(primaryLoadManager));
    assertTrue(isLoadManagerUpdatedDomainCache(secondaryLoadManager));
    ServiceUnitId serviceUnit1 = makeBundle(tenant, cluster, ""ns1"");
    String selectedBroker1 = primaryLoadManager.selectBrokerForAssignment(serviceUnit1).get();
    ServiceUnitId serviceUnit2 = makeBundle(tenant, cluster, ""ns2"");
    String selectedBroker2 = primaryLoadManager.selectBrokerForAssignment(serviceUnit2).get();
    assertNotEquals(selectedBroker1, selectedBroker2);
}"
hwang-pku_ormlite-core,DatabaseFieldConfigTest.testFromDbField,UC,OD,"@Test
public void testFromDbField() throws Exception {
    Field[] fields = Foo.class.getDeclaredFields();
    assertTrue(fields.length >= 1);
    DatabaseFieldConfig config = DatabaseFieldConfig.fromField(databaseType, ""foo"", fields[0]);
    assertNotNull(config);
    assertTrue(config.isCanBeNull());
    assertEquals(fields[0].getName(), config.getFieldName());
}"
apache_pulsar,DiscoveryServiceTest.testBrokerDiscoveryRoundRobin,async,OD,"@Test
public void testBrokerDiscoveryRoundRobin() throws Exception {
    addBrokerToZk(5);
    String prevUrl = null;
    for (int i = 0; i < 10; i++) {
        String current = service.getDiscoveryProvider().nextBroker().getPulsarServiceUrl();
        assertNotEquals(prevUrl, current);
        prevUrl = current;
    }
}"
apache_pulsar,PrometheusMetricsTest.testPerTopicStats,conc,async,"@Test
public void testPerTopicStats() throws Exception {
    String randSeed = randomName(16);
    System.out.println(""The randSeed of testPerTopicStats() is: "" + randSeed);
    Producer<byte[]> p1 = pulsarClient.newProducer().topic(""persistent://my-property/use/"" + randSeed + ""/my-topic1"").create();
    Producer<byte[]> p2 = pulsarClient.newProducer().topic(""persistent://my-property/use/"" + randSeed + ""/my-topic2"").create();
    for (int i = 0; i < 10; i++) {
        String message = ""my-message-"" + i;
        p1.send(message.getBytes());
        p2.send(message.getBytes());
    }
    ByteArrayOutputStream statsOut = new ByteArrayOutputStream();
    PrometheusMetricsGenerator.generate(pulsar, true, false, statsOut);
    String metricsStr = new String(statsOut.toByteArray());
    Multimap<String, Metric> metrics = parseMetrics(metricsStr);
    metrics.entries().forEach(e -> {
        System.out.println(e.getKey() + "": "" + e.getValue());
    });
    List<Metric> cm = (List<Metric>) metrics.get(""pulsar_storage_write_latency_le_1"");
    List<Metric> matchingMetrics = cm.stream().filter(t -> t.tags.containsValue(""my-property/use/"" + randSeed)).collect(Collectors.toList());
    int positionOfTopic1;
    int positionOfTopic2;
    if(cm.get(0).tags.get(""topic"").equals(""persistent://my-property/use/"" + randSeed + ""/my-topic1"")) {
        positionOfTopic1 = 0;
        positionOfTopic2 = 1;
    } else {
        positionOfTopic2 = 0;
        positionOfTopic1 = 1;
    }
    matchingMetrics = cm.stream().filter(t -> t.tags.containsValue(""my-property/use/"" + randSeed)).collect(Collectors.toList());
    if(matchingMetrics.size() > 2){
        System.out.println(""matchingMetrics.size() > 2 in testPerTopicStats(). First check. Debug entries: "");
        matchingMetrics.forEach(t -> t.tags.entrySet().forEach(kv -> System.out.println(kv.getKey() + "":""  + kv.getValue())));
    }
    assertEquals(matchingMetrics.size(), 2);
    assertEquals(matchingMetrics.get(positionOfTopic2).tags.get(""topic""), ""persistent://my-property/use/"" + randSeed + ""/my-topic2"");
    assertEquals(matchingMetrics.get(positionOfTopic2).tags.get(""namespace""), ""my-property/use/"" + randSeed);
    assertEquals(matchingMetrics.get(positionOfTopic1).tags.get(""topic""), ""persistent://my-property/use/"" + randSeed + ""/my-topic1"");
    assertEquals(matchingMetrics.get(positionOfTopic1).tags.get(""namespace""), ""my-property/use/"" + randSeed);
    cm = (List<Metric>) metrics.get(""pulsar_producers_count"");
    if(cm.get(1).tags.get(""topic"").equals(""persistent://my-property/use/"" + randSeed + ""/my-topic1"")) {
        positionOfTopic1 = 1;
        positionOfTopic2 = 2;
    } else {
        positionOfTopic2 = 1;
        positionOfTopic1 = 2;
    }
    matchingMetrics = cm.stream().filter(t -> t.tags.containsValue(""my-property/use/"" + randSeed)).collect(Collectors.toList());
    if(matchingMetrics.size() > 2){
        System.out.println(""matchingMetrics.size() > 2 in testPerTopicStats(). Second check. Debug entries: "");
        matchingMetrics.forEach(t -> t.tags.entrySet().forEach(kv -> System.out.println(kv.getKey() + "":""  + kv.getValue())));
    }
    assertEquals(matchingMetrics.size(), 2);
    assertEquals(matchingMetrics.get(positionOfTopic2).tags.get(""topic""), ""persistent://my-property/use/"" + randSeed + ""/my-topic2"");
    assertEquals(matchingMetrics.get(positionOfTopic2).tags.get(""namespace""), ""my-property/use/"" + randSeed);
    assertEquals(matchingMetrics.get(positionOfTopic1).tags.get(""topic""), ""persistent://my-property/use/"" + randSeed + ""/my-topic1"");
    assertEquals(matchingMetrics.get(positionOfTopic1).tags.get(""namespace""), ""my-property/use/"" + randSeed);
    cm = (List<Metric>) metrics.get(""topic_load_times_count"");
    if(cm.size() > 1){
        System.out.println(""matchingMetrics.size() > 2 in testPerTopicStats(). Third check. Debug entries: "");
        cm.forEach(t -> t.tags.entrySet().forEach(kv -> System.out.println(kv.getKey() + "":""  + kv.getValue())));
    }
    assertEquals(cm.size(), 1);
    assertEquals(cm.get(0).tags.get(""cluster""), ""test"");
    cm = (List<Metric>) metrics.get(""pulsar_in_bytes_total"");
    if(cm.get(0).tags.get(""topic"").equals(""persistent://my-property/use/"" + randSeed + ""/my-topic1"")) {
        positionOfTopic1 = 0;
        positionOfTopic2 = 1;
    } else {
        positionOfTopic2 = 0;
        positionOfTopic1 = 1;
    }
    matchingMetrics = cm.stream().filter(t -> t.tags.containsValue(""my-property/use/"" + randSeed)).collect(Collectors.toList());
    if(matchingMetrics.size() > 2){
        System.out.println(""matchingMetrics.size() > 2 in testPerTopicStats(). Fourth check. Debug entries: "");
        matchingMetrics.forEach(t -> t.tags.entrySet().forEach(kv -> System.out.println(kv.getKey() + "":""  + kv.getValue())));
    }
    assertEquals(matchingMetrics.size(), 2);
    assertEquals(matchingMetrics.get(positionOfTopic2).tags.get(""topic""), ""persistent://my-property/use/"" + randSeed + ""/my-topic2"");
    assertEquals(matchingMetrics.get(positionOfTopic2).tags.get(""namespace""), ""my-property/use/"" + randSeed);
    assertEquals(matchingMetrics.get(positionOfTopic1).tags.get(""topic""), ""persistent://my-property/use/"" + randSeed + ""/my-topic1"");
    assertEquals(matchingMetrics.get(positionOfTopic1).tags.get(""namespace""), ""my-property/use/"" + randSeed);
    cm = (List<Metric>) metrics.get(""pulsar_in_messages_total"");
    if(cm.get(0).tags.get(""topic"").equals(""persistent://my-property/use/"" + randSeed + ""/my-topic1"")) {
        positionOfTopic1 = 0;
        positionOfTopic2 = 1;
    } else {
        positionOfTopic2 = 0;
        positionOfTopic1 = 1;
    }
    matchingMetrics = cm.stream().filter(t -> t.tags.containsValue(""my-property/use/"" + randSeed)).collect(Collectors.toList());
    if(matchingMetrics.size() > 2){
        System.out.println(""matchingMetrics.size() > 2 in testPerTopicStats(). Fifth check. Debug entries: "");
        matchingMetrics.forEach(t -> t.tags.entrySet().forEach(kv -> System.out.println(kv.getKey() + "":""  + kv.getValue())));
    }
    assertEquals(matchingMetrics.size(), 2);
    assertEquals(matchingMetrics.get(positionOfTopic2).tags.get(""topic""), ""persistent://my-property/use/"" + randSeed + ""/my-topic2"");
    assertEquals(matchingMetrics.get(positionOfTopic2).tags.get(""namespace""), ""my-property/use/"" + randSeed);
    assertEquals(matchingMetrics.get(positionOfTopic1).tags.get(""topic""), ""persistent://my-property/use/"" + randSeed + ""/my-topic1"");
    assertEquals(matchingMetrics.get(positionOfTopic1).tags.get(""namespace""), ""my-property/use/"" + randSeed);
    p1.close();
    p2.close();
}"
apache_pulsar,testAsyncFunction,conc,async,"@Test
public void testAsyncFunction() throws Exception {
    InstanceConfig instanceConfig = new InstanceConfig();
    Function<String, CompletableFuture<String>> function = (input, context) -> {
        log.info(""input string: {}"", input);
        CompletableFuture<String> result  = new CompletableFuture<>();
        Executors.newCachedThreadPool().submit(() -> {
            try {
                Thread.sleep(500);
                result.complete(String.format(""%s-lambda"", input));
            } catch (Exception e) {
                result.completeExceptionally(e);
            }
        });
        return result;
    };
    JavaInstance instance = new JavaInstance(
    mock(ContextImpl.class),
    function,
    instanceConfig);
    String testString = ""ABC123"";
    CompletableFuture<JavaExecutionResult> result = instance.handleMessage(mock(Record.class), testString);
    assertNotNull(result.get().getResult());
    assertEquals(new String(testString + ""-lambda""), result.get().getResult());
    instance.close();
}"
apache_pulsar,testLedgerReachMaximumRolloverTime,async,time,"@Test
public void testLedgerReachMaximumRolloverTime() throws Exception {
    ManagedLedgerConfig config = new ManagedLedgerConfig();
    config.setMinimumRolloverTime(1, TimeUnit.MILLISECONDS);
    config.setMaximumRolloverTime(1, TimeUnit.SECONDS);
    ManagedLedger ml = factory.open(""ledger-reach-maximum-rollover-time"", config);
    long firstLedgerId = ml.addEntry(""test"".getBytes()).getLedgerId();
    Awaitility.await()
    .atMost(1100, TimeUnit.MILLISECONDS)
    .pollInterval(100, TimeUnit.MILLISECONDS)
    .until(() -> firstLedgerId != ml.addEntry(""test"".getBytes()).getLedgerId());
}"
Ericsson_ecchronos,TestRepairTask.testPartialRepair,UC,async,"@Test
public void testPartialRepair() throws InterruptedException {
    Collection<LongTokenRange> ranges = new ArrayList<>();
    LongTokenRange range1 = new LongTokenRange(1, 2);
    LongTokenRange range2 = new LongTokenRange(3, 4);
    ranges.add(range1);
    ranges.add(range2);
    final RepairTask repairTask = new RepairTask.Builder().withJMXProxyFactory(jmxProxyFactory).withTableReference(myTableReference).withTokenRanges(ranges).withTableRepairMetrics(myTableRepairMetrics).withRepairHistory(repairHistory).withJobId(jobId).withReplicas(participants).build();
    CountDownLatch cdl = startRepair(repairTask, false);
    Notification notification = new Notification(""progress"", ""repair:1"", 0, getRepairMessage(range1));
    notification.setUserData(getNotificationData(PROGRESS.ordinal(), 1, 2));
    proxy.notify(notification);
    notification = new Notification(""progress"", ""repair:1"", 1, getRepairMessage(range2));
    notification.setUserData(getNotificationData(PROGRESS.ordinal(), 2, 2));
    proxy.notify(notification);
    notification = new Notification(""progress"", ""repair:1"", 2, ""Done with repair"");
    notification.setUserData(getNotificationData(COMPLETE.ordinal(), 2, 2));
    proxy.notify(notification);
    cdl.await();
    assertThat(repairTask.getUnknownRanges()).isNull();
    assertThat(repairTask.getCompletedRanges()).containsExactlyElementsOf(ranges);
    assertThat(proxy.myOptions.get(RANGES_KEY)).isNotEmpty();
    verify(myTableRepairMetrics).repairTiming(eq(TABLE_REFERENCE), anyLong(), any(TimeUnit.class), eq(true));
    verify(repairSessions.get(range1)).start();
    verify(repairSessions.get(range2)).start();
    verify(repairSessions.get(range1)).finish(eq(SUCCESS));
    verify(repairSessions.get(range2)).finish(eq(SUCCESS));
}"
apache_pulsar,shouldTerminateWhenFutureIsCancelled,conc,async,"@Test
public void shouldTerminateWhenFutureIsCancelled() throws InterruptedException {
    GracefulExecutorServicesShutdown shutdown = GracefulExecutorServicesShutdown.initiate();
    shutdown.timeout(Duration.ofMillis(15000));
    ExecutorService executorService = mock(ExecutorService.class);
    when(executorService.isShutdown()).thenReturn(true);
    AtomicBoolean terminated = new AtomicBoolean();
    AtomicBoolean awaitTerminationInterrupted = new AtomicBoolean();
    when(executorService.isTerminated()).thenAnswer(invocation -> terminated.get());
    when(executorService.awaitTermination(anyLong(), any())).thenAnswer(invocation  -> {
        long timeout = invocation.getArgument(0);
        TimeUnit unit = invocation.getArgument(1);
        try {
            Thread.sleep(unit.toMillis(timeout));
        } catch (InterruptedException e) {
            awaitTerminationInterrupted.set(true);
            Thread.currentThread().interrupt();
            throw e;
        }
        throw new IllegalStateException(""Thread.sleep should have been interrupted"");
    });
    when(executorService.shutdownNow()).thenAnswer(invocation -> {
        terminated.set(true);
        return null;
    });
    shutdown.shutdown(executorService);
    CompletableFuture<Void> future = shutdown.handle();
    future.cancel(false);
    Awaitility.await().untilAsserted(() -> assertTrue(awaitTerminationInterrupted.get(),
    ""awaitTermination should have been interrupted""));
    verify(executorService, times(1)).awaitTermination(anyLong(), any());
    verify(executorService, times(1)).shutdownNow();
}"
ctco_cukes,b483e1a8f261b80a66291a42fc455256b0b5059c.shouldReturnBodyWhenEnabledAndNoMax,OD,async,"@Test
public void shouldReturnBodyWhenEnabledAndNoMax() {
    String body = ""{\n"" +
    ""  \""error\"": \""not found\""\n"" +
    ""}"";
    HttpResponseFacade mock = mock(HttpResponseFacade.class);
    when(mock.response()).thenReturn(generateResponse(
    ""application/json"",
    404,
    body.getBytes()));
    ((HttpAssertionFacadeImpl) facade).facade = mock;
    world.put(ASSERTS_STATUS_CODE_DISPLAY_BODY, ""true"");
    validateException(
    200,
    ""1 expectation failed.\n"" +
    ""Expected status code \""200\"" but was \""404\"" with body:\n"" +
    ""\""\""\""\n"" +
    body +
    ""\n\""\""\"".\n"");
}"
cdapio_cdap,WorkflowHttpHandlerTest.testWorkflowForkFailure,conc,UC,"@Test
public void testWorkflowForkFailure() throws Exception {
    Assert.assertEquals(200, deploy(WorkflowFailureInForkApp.class).getStatusLine().getStatusCode());
    Id.Application appId = Application.from(DEFAULT, NAME);
    Id.Workflow workflowId = Workflow.from(appId, NAME);
    Id.Program firstMRId = Program.from(appId, MAPREDUCE, FIRST_MAPREDUCE_NAME);
    Id.Program secondMRId = Program.from(appId, MAPREDUCE, SECOND_MAPREDUCE_NAME);
    String outputPath = new File(tmpFolder.newFolder(), ""output"").getAbsolutePath();
    File fileToSync = new File(tmpFolder.newFolder() + ""/sync.file"");
    File fileToWait = new File(tmpFolder.newFolder() + ""/wait.file"");
    startProgram(workflowId, ImmutableMap.of(""inputPath"", createInput(""testWorkflowForkFailureInput""), ""outputPath"", outputPath, ""sync.file"", fileToSync.getAbsolutePath(), ""wait.file"", fileToWait.getAbsolutePath(), (""mapreduce."" + WorkflowFailureInForkApp.SECOND_MAPREDUCE_NAME) + "".throw.exception"", ""true""));
    waitState(workflowId, RUNNING.name());
    waitState(workflowId, STOPPED.name());
    verifyProgramRuns(workflowId, ""failed"");
    List<RunRecord> mapReduceProgramRuns = getProgramRuns(firstMRId, KILLED.name());
    Assert.assertEquals(1, mapReduceProgramRuns.size());
    mapReduceProgramRuns = getProgramRuns(secondMRId, FAILED.name());
    Assert.assertEquals(1, mapReduceProgramRuns.size());
}"
trinodb_trino,TestExchangeClient.testAddLocation,async,UC,"@Test
public void testAddLocation() throws Exception {
    DataSize maxResponseSize = DataSize.of(10, MEGABYTE);
    MockExchangeRequestProcessor processor = new MockExchangeRequestProcessor(maxResponseSize);
    TaskId task1 = new TaskId(new StageId(""query"", 1), 0, 0);
    TaskId task2 = new TaskId(new StageId(""query"", 1), 1, 0);
    TaskId task3 = new TaskId(new StageId(""query"", 1), 2, 0);
    URI location1 = URI.create(""http:www.example1.com"");
    URI location2 = URI.create(""http:www.example2.com"");
    URI location3 = URI.create(""http:www.example3.com"");
    processor.addPage(location1, createSerializedPage(1));
    processor.addPage(location1, createSerializedPage(2));
    TestingExchangeClientBuffer buffer = new TestingExchangeClientBuffer(DataSize.of(1, MEGABYTE));
    @SuppressWarnings(""resource"")
    ExchangeClient exchangeClient = new ExchangeClient(""localhost"", DataIntegrityVerification.ABORT, buffer, maxResponseSize, 1, new Duration(1, TimeUnit.MINUTES), true, new TestingHttpClient(processor, scheduler), scheduler, new SimpleLocalMemoryContext(newSimpleAggregatedMemoryContext(), ""test""), pageBufferClientCallbackExecutor, ( taskId, failure) -> {
    });
    assertThat(buffer.getAllTasks()).isEmpty();
    assertThat(buffer.getPages().asMap()).isEmpty();
    assertThat(buffer.getFinishedTasks()).isEmpty();
    assertThat(buffer.getFailedTasks().asMap()).isEmpty();
    assertFalse(buffer.isNoMoreTasks());
    exchangeClient.addLocation(task1, location1);
    assertThat(buffer.getAllTasks()).containsExactly(task1);
    assertTaskIsNotFinished(buffer, task1);
    processor.setComplete(location1);
    buffer.whenTaskFinished(task1).get(10, SECONDS);
    assertThat(buffer.getPages().get(task1)).hasSize(2);
    assertThat(buffer.getFinishedTasks()).containsExactly(task1);
    exchangeClient.addLocation(task2, location2);
    assertThat(buffer.getAllTasks()).containsExactlyInAnyOrder(task1, task2);
    assertTaskIsNotFinished(buffer, task2);
    processor.setComplete(location2);
    buffer.whenTaskFinished(task2).get(10, SECONDS);
    assertThat(buffer.getFinishedTasks()).containsExactlyInAnyOrder(task1, task2);
    assertThat(buffer.getPages().get(task2)).hasSize(0);
    exchangeClient.addLocation(task3, location3);
    assertThat(buffer.getAllTasks()).containsExactlyInAnyOrder(task1, task2, task3);
    assertTaskIsNotFinished(buffer, task3);
    exchangeClient.noMoreLocations();
    assertTrue(buffer.isNoMoreTasks());
    assertThat(buffer.getAllTasks()).containsExactlyInAnyOrder(task1, task2, task3);
    assertTaskIsNotFinished(buffer, task3);
    exchangeClient.close();
    assertEventually(() -> assertEquals(exchangeClient.getStatus().getPageBufferClientStatuses().get(0).getHttpRequestState(), ""not scheduled"", ""httpRequestState""));
    assertEventually(() -> assertEquals(exchangeClient.getStatus().getPageBufferClientStatuses().get(1).getHttpRequestState(), ""not scheduled"", ""httpRequestState""));
    assertEventually(() -> assertEquals(exchangeClient.getStatus().getPageBufferClientStatuses().get(2).getHttpRequestState(), ""not scheduled"", ""httpRequestState""));
    assertThat(buffer.getFinishedTasks()).containsExactlyInAnyOrder(task1, task2, task3);
    assertThat(buffer.getFailedTasks().asMap()).isEmpty();
    assertTrue(exchangeClient.isFinished());
}"
cdapio_cdap,PreviewDataPipelineTest.testLogicalTypePreviewRun,time,UC,"@Test
public void testLogicalTypePreviewRun(Engine engine) throws Exception {
    PreviewManager previewManager = getPreviewManager();
    String sourceTableName = ""singleInput"";
    String sinkTableName = ""singleOutput"";
    Schema schema = Schema.recordOf(
    ""testRecord"",
    Schema.Field.of(""name"", Schema.of(Schema.Type.STRING)),
    Schema.Field.of(""date"", Schema.of(Schema.LogicalType.DATE)),
    Schema.Field.of(""ts"", Schema.of(Schema.LogicalType.TIMESTAMP_MILLIS))
    );
    ETLBatchConfig etlConfig = ETLBatchConfig.builder()
    .addStage(new ETLStage(""source"", MockSource.getPlugin(sourceTableName, schema)))
    .addStage(new ETLStage(""transform"", IdentityTransform.getPlugin()))
    .addStage(new ETLStage(""sink"", MockSink.getPlugin(sinkTableName)))
    .addConnection(""source"", ""transform"")
    .addConnection(""transform"", ""sink"")
    .setEngine(engine)
    .setNumOfRecordsPreview(100)
    .build();
    PreviewConfig previewConfig = new PreviewConfig(SmartWorkflow.NAME, ProgramType.WORKFLOW,
    Collections.<String, String>emptyMap(), 10);
    addDatasetInstance(Table.class.getName(), sourceTableName,
    DatasetProperties.of(ImmutableMap.of(""schema"", schema.toString())));
    DataSetManager<Table> inputManager = getDataset(NamespaceId.DEFAULT.dataset(sourceTableName));
    ZonedDateTime expectedMillis = ZonedDateTime.of(2018, 11, 11, 11, 11, 11, 123 * 1000 * 1000,
    ZoneId.ofOffset(""UTC"", ZoneOffset.UTC));
    StructuredRecord recordSamuel = StructuredRecord.builder(schema).set(""name"", ""samuel"")
    .setDate(""date"", LocalDate.of(2002, 11, 18)).setTimestamp(""ts"", expectedMillis).build();
    StructuredRecord recordBob = StructuredRecord.builder(schema).set(""name"", ""bob"")
    .setDate(""date"", LocalDate.of(2003, 11, 18)).setTimestamp(""ts"", expectedMillis).build();
    MockSource.writeInput(inputManager, ImmutableList.of(recordSamuel, recordBob));
    AppRequest<ETLBatchConfig> appRequest = new AppRequest<>(APP_ARTIFACT_RANGE, etlConfig, previewConfig);
    ApplicationId previewId = previewManager.start(NamespaceId.DEFAULT, appRequest);
    Tasks.waitFor(PreviewStatus.Status.COMPLETED, new Callable<PreviewStatus.Status>() {
        @Override
        public PreviewStatus.Status call() throws Exception {
            PreviewStatus status = previewManager.getStatus(previewId);
            return status == null ? null : status.getStatus();
        }
    }, 5, TimeUnit.MINUTES);
    checkPreviewStore(previewManager, previewId, ""source"", 2);
    List<JsonElement> data = previewManager.getData(previewId, ""source"").get(DATA_TRACER_PROPERTY);
    StructuredRecord actualRecordSamuel = GSON.fromJson(data.get(0), StructuredRecord.class);
    Assert.assertEquals(actualRecordSamuel.get(""date""), ""2002-11-18"");
    Assert.assertEquals(actualRecordSamuel.get(""ts""), ""2018-11-11T11:11:11.123Z[UTC]"");
    StructuredRecord actualRecordBob = GSON.fromJson(data.get(1), StructuredRecord.class);
    Assert.assertEquals(actualRecordBob.get(""date""), ""2003-11-18"");
    Assert.assertEquals(actualRecordBob.get(""ts""), ""2018-11-11T11:11:11.123Z[UTC]"");
    checkPreviewStore(previewManager, previewId, ""transform"", 2);
    checkPreviewStore(previewManager, previewId, ""sink"", 2);
    validateMetric(2, previewId, ""source.records.in"", previewManager);
    validateMetric(2, previewId, ""source.records.out"", previewManager);
    validateMetric(2, previewId, ""transform.records.in"", previewManager);
    validateMetric(2, previewId, ""transform.records.out"", previewManager);
    validateMetric(2, previewId, ""sink.records.out"", previewManager);
    validateMetric(2, previewId, ""sink.records.in"", previewManager);
    DataSetManager<Table> sinkManager = getDataset(sinkTableName);
    Assert.assertNull(sinkManager.get());
    deleteDatasetInstance(NamespaceId.DEFAULT.dataset(sourceTableName));
    Assert.assertNotNull(previewManager.getRunId(previewId));
}"
dropwizard_dropwizard,07dfaed697427e208d65049f80a5d1949833b7cd.testLogbackStatusPrinterPrintStreamIsRestoredToSystemOut,OD,UC,"@Test
public void testLogbackStatusPrinterPrintStreamIsRestoredToSystemOut() throws Exception {
    Field field = StatusPrinter.class.getDeclaredField(""ps"");
    field.setAccessible(true);
    PrintStream out = (PrintStream) field.get(null);
    assertThat(out).isSameAs(System.out);
}"
apache_zookeeper,BookieClientTest.testWriteGaps,async,OD,"@Test
public void testWriteGaps() throws Exception {
    final Object notifyObject = new Object();
    byte[] passwd = new byte[20];
    Arrays.fill(passwd, ((byte) ('a')));
    InetSocketAddress addr = new InetSocketAddress(""127.0.0.1"", port);
    ResultStruct arc = new ResultStruct();
    BookieClient bc = new BookieClient(new ClientConfiguration(), channelFactory, executor);
    ChannelBuffer bb;
    bb = createByteBuffer(1, 1, 1);
    bc.addEntry(addr, 1, passwd, 1, bb, wrcb, null, FLAG_NONE);
    synchronized(arc) {
        bc.readEntry(addr, 1, 1, recb, arc, FLAG_NONE);
        arc.wait(1000);
        assertEquals(0, arc.rc);
        assertEquals(1, arc.entry.getInt());
    }
    bb = createByteBuffer(2, 1, 2);
    bc.addEntry(addr, 1, passwd, 2, bb, wrcb, null, FLAG_NONE);
    bb = createByteBuffer(3, 1, 3);
    bc.addEntry(addr, 1, passwd, 3, bb, wrcb, null, FLAG_NONE);
    bb = createByteBuffer(5, 1, 5);
    bc.addEntry(addr, 1, passwd, 5, bb, wrcb, null, FLAG_NONE);
    bb = createByteBuffer(7, 1, 7);
    bc.addEntry(addr, 1, passwd, 7, bb, wrcb, null, FLAG_NONE);
    synchronized(notifyObject) {
        bb = createByteBuffer(11, 1, 11);
        bc.addEntry(addr, 1, passwd, 11, bb, wrcb, notifyObject, FLAG_NONE);
        notifyObject.wait();
    }
    synchronized(arc) {
        bc.readEntry(addr, 1, 6, recb, arc, FLAG_NONE);
        arc.wait(1000);
        assertEquals(NoSuchEntryException, arc.rc);
    }
    synchronized(arc) {
        bc.readEntry(addr, 1, 7, recb, arc, FLAG_NONE);
        arc.wait(1000);
        assertEquals(0, arc.rc);
        assertEquals(7, arc.entry.getInt());
    }
    synchronized(arc) {
        bc.readEntry(addr, 1, 1, recb, arc, FLAG_NONE);
        arc.wait(1000);
        assertEquals(0, arc.rc);
        assertEquals(1, arc.entry.getInt());
    }
    synchronized(arc) {
        bc.readEntry(addr, 1, 2, recb, arc, FLAG_NONE);
        arc.wait(1000);
        assertEquals(0, arc.rc);
        assertEquals(2, arc.entry.getInt());
    }
    synchronized(arc) {
        bc.readEntry(addr, 1, 3, recb, arc, FLAG_NONE);
        arc.wait(1000);
        assertEquals(0, arc.rc);
        assertEquals(3, arc.entry.getInt());
    }
    synchronized(arc) {
        bc.readEntry(addr, 1, 4, recb, arc, FLAG_NONE);
        arc.wait(1000);
        assertEquals(NoSuchEntryException, arc.rc);
    }
    synchronized(arc) {
        bc.readEntry(addr, 1, 11, recb, arc, FLAG_NONE);
        arc.wait(1000);
        assertEquals(0, arc.rc);
        assertEquals(11, arc.entry.getInt());
    }
    synchronized(arc) {
        bc.readEntry(addr, 1, 5, recb, arc, FLAG_NONE);
        arc.wait(1000);
        assertEquals(0, arc.rc);
        assertEquals(5, arc.entry.getInt());
    }
    synchronized(arc) {
        bc.readEntry(addr, 1, 10, recb, arc, FLAG_NONE);
        arc.wait(1000);
        assertEquals(NoSuchEntryException, arc.rc);
    }
    synchronized(arc) {
        bc.readEntry(addr, 1, 12, recb, arc, FLAG_NONE);
        arc.wait(1000);
        assertEquals(NoSuchEntryException, arc.rc);
    }
    synchronized(arc) {
        bc.readEntry(addr, 1, 13, recb, arc, FLAG_NONE);
        arc.wait(1000);
        assertEquals(NoSuchEntryException, arc.rc);
    }
}"
apache_ignite,testFlowNoConflictsWithClients,conc,async,"@Test
public void testFlowNoConflictsWithClients() throws Exception {
    startComputation(0, stopFlag0);
    if (!tcpDiscovery())
    return;
    startComputation(1, stopFlag1);
    startComputation(2, stopFlag2);
    startComputation(3, stopFlag3);
    startComputation(4, stopFlag4);
    final Set<Integer> deafClientObservedIds = new ConcurrentHashSet<>();
    startListening(5, true, deafClientObservedIds);
    final Set<Integer> regClientObservedIds = new ConcurrentHashSet<>();
    startListening(6, false, regClientObservedIds);
    START_LATCH.countDown();
    Thread killer = new Thread(new ServerNodeKiller());
    Thread resurrection = new Thread(new ServerNodeResurrection());
    killer.setName(""node-killer-thread"");
    killer.start();
    resurrection.setName(""node-resurrection-thread"");
    resurrection.start();
    while (!updatesQueue.isEmpty())
    Thread.sleep(1000);
    killer.interrupt();
    resurrection.interrupt();
}"
trinodb_trino,testQueryTimeout,async,conc,"@Test
public void testQueryTimeout()
throws Exception
{
    try (Connection connection = createConnection(""blackhole"", ""blackhole"");
    Statement statement = connection.createStatement()) {
        statement.executeUpdate(""CREATE TABLE test_query_timeout (key BIGINT) "" +
        ""WITH ("" +
        ""   split_count = 1, "" +
        ""   pages_per_split = 1, "" +
        ""   rows_per_page = 1, "" +
        ""   page_processing_delay = '1m'"" +
        "")"");
    }
    CountDownLatch queryFinished = new CountDownLatch(1);
    AtomicReference<Throwable> queryFailure = new AtomicReference<>();
    executorService.submit(() -> {
        try (Connection connection = createConnection(""blackhole"", ""default"");
        Statement statement = connection.createStatement()) {
            statement.setQueryTimeout(1);
            try (ResultSet resultSet = statement.executeQuery(""SELECT * FROM test_query_timeout"")) {
                try {
                    resultSet.next();
                }
                catch (SQLException t) {
                    queryFailure.set(t);
                }
                finally {
                    queryFinished.countDown();
                }
            }
        }
        return null;
    });
    assertTrue(queryFinished.await(2, SECONDS));
    assertNotNull(queryFailure.get());
    assertContains(queryFailure.get().getMessage(), ""Query exceeded maximum time limit of 1.00s"");
    try (Connection connection = createConnection(""blackhole"", ""blackhole"");
    Statement statement = connection.createStatement()) {
        statement.executeUpdate(""DROP TABLE test_query_timeout"");
    }
}"
cdapio_cdap,ProgramLifecycleHttpHandlerTest.testStartProgramWithDisabledRuntimeArgs,async,OD,"@Test
public void testStartProgramWithDisabledRuntimeArgs() throws Exception {
    ProfileId profileId = new NamespaceId(TEST_NAMESPACE1).profile(""MyProfile"");
    Profile profile = new Profile(""MyProfile"", Profile.NATIVE.getLabel(), Profile.NATIVE.getDescription(),Profile.NATIVE.getScope(), Profile.NATIVE.getProvisioner());
    putProfile(profileId, profile, 200);
    disableProfile(profileId, 200);
    deploy(AppWithWorkflow.class, 200, Constants.Gateway.API_VERSION_3_TOKEN,TEST_NAMESPACE1);
    ProgramId programId = new NamespaceId(TEST_NAMESPACE1).app(APP_WITH_WORKFLOW_APP_ID).workflow(APP_WITH_WORKFLOW_WORKFLOW_NAME);
    Assert.assertEquals(STOPPED, getProgramStatus(programId));
    startProgram(programId, Collections.singletonMap(SystemArguments.PROFILE_NAME, profileId.getScopedName()), 409);
    Assert.assertEquals(STOPPED, getProgramStatus(programId));
    startProgram(programId, Collections.singletonMap(SystemArguments.PROFILE_NAME, ProfileId.NATIVE.getScopedName()),200);
    waitState(programId, STOPPED);
}"
vert-x3_vertx-mongo-client,MongoClientTest.testWatch,time,UC,"@Test
public void testWatch() throws Exception {
    final JsonArray operationTypes = new JsonArray(Arrays.asList(""insert"", ""update"", ""replace"", ""delete""));
    final JsonObject match = new JsonObject().put(""operationType"", new JsonObject().put(""$in"", operationTypes));
    final JsonArray pipeline = new JsonArray().add(new JsonObject().put(""$match"", match));
    final JsonObject fields = new JsonObject().put(""operationType"", true).put(""namespaceDocument"", true).put(""destinationNamespaceDocument"", true).put(""documentKey"", true).put(""updateDescription"", true).put(""fullDocument"", true);
    pipeline.add(new JsonObject().put(""$project"", fields));
    final String collection = randomCollection();
    final JsonObject doc = createDoc();
    final CountDownLatch latch = new CountDownLatch(4);
    final AtomicReference<ReadStream<ChangeStreamDocument<JsonObject>>> streamReference = new AtomicReference<>();
    mongoClient.createCollection(collection, onSuccess(( res) -> {
        ReadStream<ChangeStreamDocument<JsonObject>> stream = mongoClient.watch(collection, pipeline, true, 1).handler(( changeStreamDocument) -> {
            OperationType operationType = changeStreamDocument.getOperationType();
            assertNotNull(operationType);
            JsonObject fullDocument = changeStreamDocument.getFullDocument();
            switch (operationType.getValue()) {
                case ""insert"" :
                assertNotNull(fullDocument);
                assertNotNull(fullDocument.getString(MongoClientUpdateResult.ID_FIELD));
                assertEquals(""bar"", fullDocument.getString(""foo""));
                break;
                case ""update"" :
                assertNotNull(fullDocument);
                assertEquals(""updatedValue"", fullDocument.getString(""fieldToUpdate""));
                break;
                case ""replace"" :
                assertNotNull(fullDocument);
                assertEquals(""replacedValue"", fullDocument.getString(""fieldToReplace""));
                break;
                case ""delete"" :
                assertNull(fullDocument);
                break;
                default :
            }
            latch.countDown();
            if (latch.getCount() == 1) {
                mongoClient.removeDocuments(collection, new JsonObject());
            }
        }).endHandler(( v) -> assertEquals(0, latch.getCount())).exceptionHandler(this::fail).fetch(1);
        streamReference.set(stream);
        vertx.setTimer(50, ( v) -> {
            mongoClient.insert(collection, doc).compose(( idString) -> {
                doc.put(MongoClientUpdateResult.ID_FIELD, idString);
                doc.put(""fieldToUpdate"", ""updatedValue"");
                final JsonObject query = new JsonObject().put(MongoClientUpdateResult.ID_FIELD, idString);
                final JsonObject updateField = new JsonObject().put(""fieldToUpdate"", ""updatedValue"");
                return CompositeFuture.all(mongoClient.updateCollection(collection, query, new JsonObject().put(""$set"", updateField)), mongoClient.save(collection, doc.put(""fieldToReplace"", ""replacedValue"")));
            });
        });
    }));
    awaitLatch(latch);
    streamReference.get().handler(null);
}"
apache_shardingsphere-elasticjob,b022898ef1b8c984e17efb2a422ee45f6b13e46e.assertPersistEphemeralSequential,OD,async,"@Test
public void assertPersistEphemeralSequential() throws Exception {
    zkRegCenter.persistEphemeralSequential(""/sequential/test_ephemeral_sequential"");
    zkRegCenter.persistEphemeralSequential(""/sequential/test_ephemeral_sequential"");
    CuratorFramework client = CuratorFrameworkFactory.newClient(EmbedTestingServer.getConnectionString(), new RetryOneTime(2000));
    client.start();
    client.blockUntilConnected();
    List<String> actual = client.getChildren().forPath(""/"" + ZookeeperRegistryCenterModifyTest.class.getName() + ""/sequential"");
    assertThat(actual.size(), is(2));
    for (String each : actual) {
        assertThat(each, startsWith(""test_ephemeral_sequential""));
    }
    zkRegCenter.close();
    actual = client.getChildren().forPath(""/"" + ZookeeperRegistryCenterModifyTest.class.getName() + ""/sequential"");
    assertTrue(actual.isEmpty());
    zkRegCenter.init();
}"
apache_shardingsphere-elasticjob,b022898ef1b8c984e17efb2a422ee45f6b13e46e.assertGetLocalFailoverItemsIfShutdown,OD,UC,"@Test
public void assertGetLocalFailoverItemsIfShutdown() {
    assertThat(failoverService.getLocalFailoverItems(), is(Collections.<Integer>emptyList()));
    verify(jobNodeStorage, times(0)).getJobNodeChildrenKeys(""sharding"");
}"
cdapio_cdap,ProvisioningServiceTest.testCancelDeprovision,OD,async,"@Test
public void testCancelDeprovision() throws Exception {
    ProvisionerInfo provisionerInfo = new MockProvisioner.PropertyBuilder().waitDelete(1, TimeUnit.MINUTES).build();
    TaskFields taskFields = testProvision(ProvisioningOp.Status.CREATED, provisionerInfo);
    Runnable task = Transactionals.execute(transactional, dsContext -> {
        return provisioningService.deprovision(taskFields.programRunId, dsContext);
    });
    task.run();
    Assert.assertTrue(provisioningService.cancelDeprovisionTask(taskFields.programRunId).isPresent());
    ProvisioningTaskKey taskKey = new ProvisioningTaskKey(taskFields.programRunId, ProvisioningOp.Type.DEPROVISION);
    waitForExpectedProvisioningState(taskKey, ProvisioningOp.Status.CANCELLED);
}"
cdapio_cdap,MetadataSubscriberServiceTest.testSubscriber,async,UC,"@Test
public void testSubscriber() throws InterruptedException, ExecutionException, TimeoutException {
    LineageWriter lineageWriter = getInjector().getInstance(MessagingLineageWriter.class);
    ProgramRunId run1 = service1.run(RunIds.generate());
    lineageWriter.addAccess(run1, dataset1, AccessType.READ);
    lineageWriter.addAccess(run1, dataset2, AccessType.WRITE);
    LineageStoreReader lineageReader = getInjector().getInstance(LineageStoreReader.class);
    ProgramRunId run1 = service1.run(RunIds.generate());
    Set<NamespacedEntityId> entities = lineageReader.getEntitiesForRun(run1);
    Assert.assertTrue(entities.isEmpty());
    LineageWriter lineageWriter = getInjector().getInstance(MessagingLineageWriter.class);
    lineageWriter.addAccess(run1, dataset1, AccessType.READ);
    lineageWriter.addAccess(run1, dataset2, AccessType.WRITE);
    FieldLineageWriter fieldLineageWriter = getInjector().getInstance(MessagingLineageWriter.class);
    ProgramRunId spark1Run1 = spark1.run(RunIds.generate(100));
    ReadOperation read = new ReadOperation(""read"", ""some read"", EndPoint.of(""ns"", ""endpoint1""), ""offset"", ""body"");
    TransformOperation parse = new TransformOperation(""parse"", ""parse body"",
    Collections.singletonList(InputField.of(""read"", ""body"")),
    ""name"", ""address"");
    WriteOperation write = new WriteOperation(""write"", ""write data"", EndPoint.of(""ns"", ""endpoint2""),
    Arrays.asList(InputField.of(""read"", ""offset""),
    InputField.of(""parse"", ""name""),
    InputField.of(""parse"", ""address"")));
    List<Operation> operations = new ArrayList<>();
    operations.add(read);
    operations.add(write);
    operations.add(parse);
    FieldLineageInfo info1 = new FieldLineageInfo(operations);
    fieldLineageWriter.write(spark1Run1, info1);
    ProgramRunId spark1Run2 = spark1.run(RunIds.generate(200));
    fieldLineageWriter.write(spark1Run2, info1);
    List<Operation> operations2 = new ArrayList<>();
    operations2.add(read);
    operations2.add(parse);
    TransformOperation normalize = new TransformOperation(""normalize"", ""normalize address"",
    Collections.singletonList(InputField.of(""parse"", ""address"")),
    ""address"");
    operations2.add(normalize);
    WriteOperation anotherWrite = new WriteOperation(""anotherwrite"", ""write data"", EndPoint.of(""ns"", ""endpoint2""),
    Arrays.asList(InputField.of(""read"", ""offset""),
    InputField.of(""parse"", ""name""),
    InputField.of(""normalize"", ""address"")));
    operations2.add(anotherWrite);
    FieldLineageInfo info2 = new FieldLineageInfo(operations2);
    ProgramRunId spark1Run3 = spark1.run(RunIds.generate(300));
    fieldLineageWriter.write(spark1Run3, info2);
    UsageWriter usageWriter = getInjector().getInstance(MessagingUsageWriter.class);
    usageWriter.register(spark1, dataset1);
    usageWriter.registerAll(Collections.singleton(spark1), dataset3);
    Set<NamespacedEntityId> expectedLineage = new HashSet<>(Arrays.asList(run1.getParent(), dataset1, dataset2));
    Tasks.waitFor(true, () -> expectedLineage.equals(lineageReader.getEntitiesForRun(run1)),
    10, TimeUnit.SECONDS, 100, TimeUnit.MILLISECONDS);
    Assert.assertTrue(lineageReader.getRelations(spark1, 0L, Long.MAX_VALUE, x -> true).isEmpty());
    FieldLineageReader fieldLineageReader = getInjector().getInstance(FieldLineageReader.class);
    Set<Operation> expectedOperations = new HashSet<>();
    expectedOperations.add(read);
    expectedOperations.add(anotherWrite);
    List<ProgramRunOperations> expected = new ArrayList<>();
    expected.add(new ProgramRunOperations(Collections.singleton(spark1Run3), expectedOperations));
    expectedOperations = new HashSet<>();
    expectedOperations.add(read);
    expectedOperations.add(write);
    expected.add(new ProgramRunOperations(new HashSet<>(Arrays.asList(spark1Run1, spark1Run2)),
    expectedOperations));
    EndPointField endPointField = new EndPointField(EndPoint.of(""ns"", ""endpoint2""), ""offset"");
    Tasks.waitFor(expected, () -> fieldLineageReader.getIncomingOperations(endPointField, 1L, Long.MAX_VALUE - 1),
    10, TimeUnit.SECONDS, 100, TimeUnit.MILLISECONDS);
    Set<EntityId> expectedUsage = new HashSet<>(Arrays.asList(dataset1, dataset3));
    UsageRegistry usageRegistry = getInjector().getInstance(UsageRegistry.class);
    Tasks.waitFor(true, () -> expectedUsage.equals(usageRegistry.getDatasets(spark1)),
    10, TimeUnit.SECONDS, 100, TimeUnit.MILLISECONDS);
}"
julianghionoiu_dpnt-coverage,CoverageDatapointAcceptanceTest.create_repo_and_uploads_commits,async,UC,"@Test
public void create_repo_and_uploads_commits() throws Exception {
    String challengeId = ""TCH"";
    String participantId = generateId();
    String s3destination = String.format(""%s/%s/file.srcs"", challengeId, participantId);
    TestSrcsFile srcsForTestChallenge = new TestSrcsFile(""HmmmLang_R1Cov33_R2Cov44.srcs"");
    S3Event s3Event = localS3Bucket.putObject(srcsForTestChallenge.asFile(), s3destination);
    coverageUploadHandler.handleRequest(convertToMap(wrapAsSNSEvent(s3Event)),NO_CONTEXT);
    waitForQueueToReceiveEvents();
    assertThat(languageDetectedEvents.size(), equalTo(1));
    System.out.println(""Received language detected events: ""+languageDetectedEvents);
    ProgrammingLanguageDetectedEvent languageEvent = languageDetectedEvents.get(0);
    assertThat(languageEvent.getParticipant(), equalTo(participantId));
    assertThat(languageEvent.getChallengeId(), equalTo(challengeId));
    assertThat(languageEvent.getProgrammingLanguage(), equalTo(""HmmmLang""));
    assertThat(coverageComputedEvents.size(), equalTo(2));
    System.out.println(""Received coverage events: ""+coverageComputedEvents);
    coverageComputedEvents.sort(Comparator.comparing(CoverageComputedEvent::getRoundId));
    CoverageComputedEvent coverageRound1 = coverageComputedEvents.get(0);
    assertThat(coverageRound1.getParticipant(), equalTo(participantId));
    assertThat(coverageRound1.getRoundId(), equalTo(challengeId+""_R1""));
    assertThat(coverageRound1.getCoverage(), equalTo(33));
    CoverageComputedEvent coverageRound2 = coverageComputedEvents.get(1);
    assertThat(coverageRound2.getParticipant(), equalTo(participantId));
    assertThat(coverageRound2.getRoundId(), equalTo(challengeId+""_R2""));
    assertThat(coverageRound2.getCoverage(), equalTo(44));
}"
Alluxio_alluxio,BlockMasterJournalIntegrationTest.journalBlockDeletion,async,OD,"@Test
public void journalBlockDeletion() throws Exception {
    FileSystem fs = mCluster.getClient();
    BlockMaster blockMaster = mCluster.getLocalAlluxioMaster().getMasterProcess().getMaster(BlockMaster.class);
    AlluxioURI file = new AlluxioURI(""/test"");
    FileSystemTestUtils.createByteFile(fs, file, MUST_CACHE, 10);
    URIStatus status = fs.getStatus(file);
    Long blockId = status.getBlockIds().get(0);
    assertNotNull(blockMaster.getBlockInfo(blockId));
    fs.delete(file);
    WorkerNetAddress workerAddress = mCluster.getWorkerAddress();
    try {
        blockMaster.getBlockInfo(blockId);
        fail(""Expected the block to be deleted"");
    } catch (BlockInfoException e) {
    }
    mCluster.stopMasters();
    mCluster.startMasters();
    AlluxioMasterProcess masterProcess = mCluster.getLocalAlluxioMaster().getMasterProcess();
    try {
        masterProcess.getMaster(BlockMaster.class).getBlockInfo(blockId);
        fail(""Expected the block to be deleted after restart"");
    } catch (BlockInfoException e) {
    }
}"
doanduyhai_Achilles,TestEntityWithStaticAnnotations.should_insert_using_static_strategy_an_consistency_level,async,UC,"@Test
public void should_insert_using_static_strategy_an_consistency_level() throws Exception {
    final long id = RandomUtils.nextLong(0L, Long.MAX_VALUE);
    scriptExecutor.executeScriptTemplate(""EntityWithStaticAnnotations/insert_single_row.cql"", ImmutableMap.of(""id"", id));
    final EntityWithStaticAnnotations entity = new EntityWithStaticAnnotations(id, ""new_val"", null);
    final CassandraLogAsserter logAsserter = new CassandraLogAsserter();
    logAsserter.prepareLogLevelForDriverConnection();
    manager.crud().insert(entity).usingTimeToLive(1000).execute();
    Row actual = session.execute(""SELECT * FROM entity_static_annotations WHERE partition_key = "" + id).one();
    assertThat(actual).isNotNull();
    assertThat(actual.getString(""value"")).isEqualTo(""new_val"");
    assertThat(actual.getString(""\""overRiden\"""")).isEqualTo(""overriden_val"");
    logAsserter.assertConsistencyLevels(LOCAL_ONE);
}"
cdapio_cdap,WorkflowHttpHandlerTest.testWorkflowTokenPut,async,OD,"@Test
public void testWorkflowTokenPut() throws Exception {
    Assert.assertEquals(200, deploy(WorkflowTokenTestPutApp.class).getStatusLine().getStatusCode());
    Id.Application appId = Id.Application.from(Id.Namespace.DEFAULT, WorkflowTokenTestPutApp.NAME);
    Id.Workflow workflowId = Id.Workflow.from(appId, WorkflowTokenTestPutApp.WorkflowTokenTestPut.NAME);
    Id.Program mapReduceId = Id.Program.from(appId, ProgramType.MAPREDUCE, WorkflowTokenTestPutApp.RecordCounter.NAME);
    Id.Program sparkId = Id.Program.from(appId, ProgramType.SPARK, WorkflowTokenTestPutApp.SparkTestApp.NAME);
    String outputPath = new File(tmpFolder.newFolder(), ""output"").getAbsolutePath();
    startProgram(workflowId, ImmutableMap.of(""inputPath"", createInputForRecordVerification(""firstInput""),
    ""outputPath"", outputPath, ""put.in.mapper.initialize"", ""true""));
    waitState(workflowId, ProgramRunStatus.RUNNING.name());
    waitState(workflowId, ""STOPPED"");
    List<RunRecord> workflowProgramRuns = getProgramRuns(workflowId, ProgramRunStatus.FAILED.name());
    Assert.assertEquals(1, workflowProgramRuns.size());
    List<RunRecord> mapReduceProgramRuns = getProgramRuns(mapReduceId, ProgramRunStatus.FAILED.name());
    Assert.assertEquals(1, mapReduceProgramRuns.size());
    outputPath = new File(tmpFolder.newFolder(), ""output"").getAbsolutePath();
    startProgram(workflowId, ImmutableMap.of(""inputPath"", createInputForRecordVerification(""secondInput""),
    ""outputPath"", outputPath, ""put.in.map"", ""true""));
    waitState(workflowId, ProgramRunStatus.RUNNING.name());
    waitState(workflowId, ""STOPPED"");
    workflowProgramRuns = getProgramRuns(workflowId, ProgramRunStatus.FAILED.name());
    Assert.assertEquals(2, workflowProgramRuns.size());
    mapReduceProgramRuns = getProgramRuns(mapReduceId, ProgramRunStatus.FAILED.name());
    Assert.assertEquals(2, mapReduceProgramRuns.size());
    outputPath = new File(tmpFolder.newFolder(), ""output"").getAbsolutePath();
    startProgram(workflowId, ImmutableMap.of(""inputPath"", createInputForRecordVerification(""thirdInput""),
    ""outputPath"", outputPath, ""put.in.reducer.initialize"", ""true""));
    waitState(workflowId, ProgramRunStatus.RUNNING.name());
    waitState(workflowId, ""STOPPED"");
    workflowProgramRuns = getProgramRuns(workflowId, ProgramRunStatus.FAILED.name());
    Assert.assertEquals(3, workflowProgramRuns.size());
    mapReduceProgramRuns = getProgramRuns(mapReduceId, ProgramRunStatus.FAILED.name());
    Assert.assertEquals(3, mapReduceProgramRuns.size());
    outputPath = new File(tmpFolder.newFolder(), ""output"").getAbsolutePath();
    startProgram(workflowId, ImmutableMap.of(""inputPath"", createInputForRecordVerification(""fourthInput""),
    ""outputPath"", outputPath, ""put.in.reduce"", ""true""));
    waitState(workflowId, ProgramRunStatus.RUNNING.name());
    waitState(workflowId, ""STOPPED"");
    workflowProgramRuns = getProgramRuns(workflowId, ProgramRunStatus.FAILED.name());
    Assert.assertEquals(4, workflowProgramRuns.size());
    mapReduceProgramRuns = getProgramRuns(mapReduceId, ProgramRunStatus.FAILED.name());
    Assert.assertEquals(4, mapReduceProgramRuns.size());
    outputPath = new File(tmpFolder.newFolder(), ""output"").getAbsolutePath();
    startProgram(workflowId, ImmutableMap.of(""inputPath"", createInputForRecordVerification(""fifthInput""),
    ""outputPath"", outputPath, ""closurePutToken"", ""true""));
    waitState(workflowId, ProgramRunStatus.RUNNING.name());
    waitState(workflowId, ""STOPPED"");
    workflowProgramRuns = getProgramRuns(workflowId, ProgramRunStatus.FAILED.name());
    Assert.assertEquals(5, workflowProgramRuns.size());
    mapReduceProgramRuns = getProgramRuns(mapReduceId, ProgramRunStatus.COMPLETED.name());
    Assert.assertEquals(1, mapReduceProgramRuns.size());
    List<RunRecord> sparkProgramRuns = getProgramRuns(sparkId, ProgramRunStatus.FAILED.name());
    Assert.assertEquals(1, sparkProgramRuns.size());
    outputPath = new File(tmpFolder.newFolder(), ""output"").getAbsolutePath();
    startProgram(workflowId, ImmutableMap.of(""inputPath"", createInputForRecordVerification(""sixthInput""),
    ""outputPath"", outputPath));
    waitState(workflowId, ProgramRunStatus.RUNNING.name());
    waitState(workflowId, ""STOPPED"");
    workflowProgramRuns = getProgramRuns(workflowId, ProgramRunStatus.COMPLETED.name());
    Assert.assertEquals(1, workflowProgramRuns.size());
    workflowProgramRuns = getProgramRuns(sparkId, ProgramRunStatus.COMPLETED.name());
    Assert.assertEquals(1, workflowProgramRuns.size());
}"
trinodb_trino,testAuthenticationFromMultipleThreadsWithCachedToken,conc,async,"@Test
public void testAuthenticationFromMultipleThreadsWithCachedToken()
{
    ExecutorService executor = newCachedThreadPool(daemonThreadsNamed(this.getClass().getName() + ""%n""));
    MockTokenPoller tokenPoller = new MockTokenPoller()
    .withResult(URI.create(""http://token.uri""), successful(new Token(""valid-token"")));
    MockRedirectHandler redirectHandler = new MockRedirectHandler()
    .sleepOnRedirect(Duration.ofMillis(10));
    ExternalAuthenticator authenticator = new ExternalAuthenticator(redirectHandler, tokenPoller, KnownToken.memoryCached(), Duration.ofSeconds(1));
    List<Future<Request>> requests = times(
    4, () -> authenticator.authenticate(null, getUnauthorizedResponse(""Bearer x_token_server=\""http://token.uri\"", x_redirect_server=\""http://redirect.uri\"""")))
    .map(executor::submit)
    .collect(toImmutableList());
    ConcurrentRequestAssertion assertion = new ConcurrentRequestAssertion(requests);
    assertion.requests()
    .extracting(Request::headers)
    .extracting(headers -> headers.get(AUTHORIZATION))
    .containsOnly(""Bearer valid-token"");
    assertion.assertThatNoExceptionsHasBeenThrown();
    assertThat(redirectHandler.getRedirectionCount()).isEqualTo(1);
}"
Alluxio_alluxio,journalBlockCreation,async,OD,"@Test
public void journalBlockCreation() throws Exception {
    FileSystem fs = mCluster.getClient();
    BlockMaster blockMaster =
    mCluster.getLocalAlluxioMaster().getMasterProcess().getMaster(BlockMaster.class);
    AlluxioURI file = new AlluxioURI(""/test"");
    FileSystemTestUtils.createByteFile(fs, file, WritePType.MUST_CACHE, 10);
    URIStatus status = fs.getStatus(file);
    Long blockId = status.getBlockIds().get(0);
    assertNotNull(blockMaster.getBlockInfo(blockId));
    mCluster.stopMasters();
    mCluster.startMasters();
    AlluxioMasterProcess masterProcess = mCluster.getLocalAlluxioMaster().getMasterProcess();
    assertNotNull(masterProcess.getMaster(BlockMaster.class).getBlockInfo(blockId));
}"
realm_realm-java,executeTransactionAsync_callbacksShouldBeClearedBeforeCalling,async,conc,"@Test
public void executeTransactionAsync_callbacksShouldBeClearedBeforeCalling() {
    final AtomicInteger callbackCounter = new AtomicInteger(0);
    final Realm foregroundRealm = looperThread.getRealm();
    foregroundRealm.setAutoRefresh(false);
    foregroundRealm.executeTransactionAsync(new Realm.Transaction() {
        @Override
        public void execute(Realm realm) {
            realm.createObject(AllTypes.class);
        }
    }, new Realm.Transaction.OnSuccess() {
        @Override
        public void onSuccess() {
            assertEquals(0, callbackCounter.getAndIncrement());
            foregroundRealm.beginTransaction();
            foregroundRealm.createObject(AllTypes.class);
            foregroundRealm.commitTransaction();
        }
    });
    foregroundRealm.executeTransactionAsync(new Realm.Transaction() {
        @Override
        public void execute(Realm realm) {
            realm.createObject(AllTypes.class);
            looperThread.postRunnableDelayed(new Runnable() {
                @Override
                public void run() {
                    foregroundRealm.sharedRealm.refresh();
                    foregroundRealm.setAutoRefresh(true);
                }
            }, 50);
        }
    }, new Realm.Transaction.OnSuccess() {
        @Override
        public void onSuccess() {
            assertEquals(1, callbackCounter.getAndIncrement());
            looperThread.testComplete();
        }
    });
}"
cdapio_cdap,MetadataHttpHandlerTestRun.testSystemMetadataRetrieval,async,time,"@Test
public void testSystemMetadataRetrieval() throws Exception {
    appClient.deploy(DEFAULT, createAppJarFile(AllProgramsApp.class));
    Id.Stream streamId = Stream.from(DEFAULT, STREAM_NAME);
    Set<String> streamSystemTags = getTags(streamId, SYSTEM);
    Assert.assertEquals(ImmutableSet.of(STREAM_NAME), streamSystemTags);
    Map<String, String> streamSystemProperties = getProperties(streamId, SYSTEM);
    final String creationTime = ""creation-time"";
    String description = ""description"";
    String schema = ""schema"";
    String ttl = ""ttl"";
    Assert.assertTrue(""Expected creation time to exist but it does not"", streamSystemProperties.containsKey(creationTime));
    long createTime = Long.parseLong(streamSystemProperties.get(creationTime));
    Assert.assertTrue(""Stream create time should be within the last hour - "" + createTime, createTime > (System.currentTimeMillis() - TimeUnit.HOURS.toMillis(1)));
    Assert.assertEquals(ImmutableMap.of(schema, Schema.recordOf(""stringBody"", Field.of(""body"", Schema.of(STRING))).toString(), ttl, String.valueOf(Long.MAX_VALUE), description, ""test stream"", creationTime, String.valueOf(createTime)), streamSystemProperties);
    long newTtl = 100000L;
    streamClient.setStreamProperties(streamId, new StreamProperties(newTtl, null, null));
    streamSystemProperties = getProperties(streamId, SYSTEM);
    Assert.assertEquals(ImmutableMap.of(schema, Schema.recordOf(""stringBody"", Field.of(""body"", Schema.of(STRING))).toString(), ttl, String.valueOf(newTtl * 1000), description, ""test stream"", creationTime, String.valueOf(createTime)), streamSystemProperties);
    Set<MetadataRecord> streamSystemMetadata = getMetadata(streamId, SYSTEM);
    Assert.assertEquals(ImmutableSet.of(new MetadataRecord(streamId, MetadataScope.SYSTEM, streamSystemProperties, streamSystemTags)), streamSystemMetadata);
    Id.Stream.View view = View.from(streamId, ""view"");
    Schema viewSchema = Schema.recordOf(""record"", Field.of(""viewBody"", Schema.nullableOf(Schema.of(BYTES))));
    streamViewClient.createOrUpdate(view, new ViewSpecification(new FormatSpecification(""format"", viewSchema)));
    Set<String> viewSystemTags = getTags(view, SYSTEM);
    Assert.assertEquals(ImmutableSet.of(""view"", STREAM_NAME), viewSystemTags);
    Map<String, String> viewSystemProperties = getProperties(view, SYSTEM);
    Assert.assertEquals(viewSchema.toString(), viewSystemProperties.get(schema));
    ImmutableSet<String> viewUserTags = ImmutableSet.of(""viewTag"");
    addTags(view, viewUserTags);
    Assert.assertEquals(ImmutableSet.of(new MetadataRecord(view, MetadataScope.USER, ImmutableMap.<String, String>of(), viewUserTags), new MetadataRecord(view, MetadataScope.SYSTEM, viewSystemProperties, viewSystemTags)), getMetadata(view));
    Id.DatasetInstance datasetInstance = DatasetInstance.from(DEFAULT, DATASET_NAME);
    Set<String> dsSystemTags = getTags(datasetInstance, SYSTEM);
    Assert.assertEquals(ImmutableSet.of(DATASET_NAME, BATCH_TAG, EXPLORE_TAG), dsSystemTags);
    Map<String, String> dsSystemProperties = getProperties(datasetInstance, SYSTEM);
    Assert.assertTrue(""Expected creation time to exist but it does not"", dsSystemProperties.containsKey(creationTime));
    createTime = Long.parseLong(dsSystemProperties.get(creationTime));
    Assert.assertTrue(""Dataset create time should be within the last hour - "" + createTime, createTime > (System.currentTimeMillis() - TimeUnit.HOURS.toMillis(1)));
    Assert.assertEquals(ImmutableMap.of(""type"", KeyValueTable.class.getName(), description, ""test dataset"", creationTime, String.valueOf(createTime)), dsSystemProperties);
    datasetClient.update(datasetInstance, ImmutableMap.of(PROPERTY_TTL, ""100000""));
    dsSystemProperties = getProperties(datasetInstance, SYSTEM);
    Assert.assertEquals(ImmutableMap.of(""type"", KeyValueTable.class.getName(), description, ""test dataset"", ttl, ""100000"", creationTime, String.valueOf(createTime)), dsSystemProperties);
    Id.Artifact artifactId = getArtifactId();
    Assert.assertEquals(ImmutableSet.of(new MetadataRecord(artifactId, MetadataScope.SYSTEM, ImmutableMap.<String, String>of(), ImmutableSet.of(AllProgramsApp.class.getSimpleName()))), getMetadata(artifactId, SYSTEM));
    Id.Application app = Application.from(DEFAULT, NAME);
    Assert.assertEquals(ImmutableMap.builder().put((FLOW.getPrettyName() + MetadataDataset.KEYVALUE_SEPARATOR) + NoOpFlow.NAME, NAME).put((MAPREDUCE.getPrettyName() + MetadataDataset.KEYVALUE_SEPARATOR) + NoOpMR.NAME, NAME).put((MAPREDUCE.getPrettyName() + MetadataDataset.KEYVALUE_SEPARATOR) + NoOpMR2.NAME, NAME).put((SERVICE.getPrettyName() + MetadataDataset.KEYVALUE_SEPARATOR) + NoOpService.NAME, NAME).put((SPARK.getPrettyName() + MetadataDataset.KEYVALUE_SEPARATOR) + NoOpSpark.NAME, NAME).put((WORKER.getPrettyName() + MetadataDataset.KEYVALUE_SEPARATOR) + NoOpWorker.NAME, NAME).put((WORKFLOW.getPrettyName() + MetadataDataset.KEYVALUE_SEPARATOR) + NoOpWorkflow.NAME, NAME).put((""schedule"" + MetadataDataset.KEYVALUE_SEPARATOR) + AllProgramsApp.SCHEDULE_NAME, (AllProgramsApp.SCHEDULE_NAME + MetadataDataset.KEYVALUE_SEPARATOR) + AllProgramsApp.SCHEDULE_DESCRIPTION).build(), getProperties(app, SYSTEM));
    Assert.assertEquals(ImmutableSet.of(AllProgramsApp.class.getSimpleName(), NAME), getTags(app, SYSTEM));
    assertProgramSystemMetadata(Program.from(app, FLOW, NAME), ""Realtime"");
    assertProgramSystemMetadata(Program.from(app, WORKER, NAME), ""Realtime"");
    assertProgramSystemMetadata(Program.from(app, SERVICE, NAME), ""Realtime"");
    assertProgramSystemMetadata(Program.from(app, MAPREDUCE, NAME), ""Batch"");
    assertProgramSystemMetadata(Program.from(app, SPARK, NAME), ""Batch"");
    assertProgramSystemMetadata(Program.from(app, WORKFLOW, NAME), ""Batch"");
}"
cdapio_cdap,TestFrameworkTestRun.testAppWithServices,conc,async,"@Test
public void testAppWithServices() throws Exception {
    ApplicationManager applicationManager = deployApplication(AppWithServices.class);
    LOG.info(""Deployed."");
    ServiceManager serviceManager = applicationManager.getServiceManager(AppWithServices.SERVICE_NAME).start();
    serviceManager.waitForStatus(true);
    LOG.info(""Service Started"");
    URL serviceURL = serviceManager.getServiceURL(15, TimeUnit.SECONDS);
    Assert.assertNotNull(serviceURL);
    URL url = new URL(serviceURL, ""ping2"");
    HttpRequest request = HttpRequest.get(url).build();
    HttpResponse response = HttpRequests.execute(request);
    Assert.assertEquals(200, response.getResponseCode());
    url = new URL(serviceURL, ""failure"");
    request = HttpRequest.get(url).build();
    response = HttpRequests.execute(request);
    Assert.assertEquals(500, response.getResponseCode());
    Assert.assertTrue(response.getResponseBodyAsString().contains(""Exception""));
    url = new URL(serviceURL, ""verifyClassLoader"");
    request = HttpRequest.get(url).build();
    response = HttpRequests.execute(request);
    Assert.assertEquals(200, response.getResponseCode());
    RuntimeMetrics serviceMetrics = serviceManager.getMetrics();
    serviceMetrics.waitForinput(3, 5, TimeUnit.SECONDS);
    Assert.assertEquals(3, serviceMetrics.getInput());
    Assert.assertEquals(2, serviceMetrics.getProcessed());
    Assert.assertEquals(1, serviceMetrics.getException());
    RuntimeMetrics handlerMetrics = getMetricsManager().getServiceHandlerMetrics(Id.Namespace.DEFAULT.getId(),
    AppWithServices.APP_NAME,
    AppWithServices.SERVICE_NAME,
    AppWithServices.SERVICE_NAME);
    handlerMetrics.waitForinput(3, 5, TimeUnit.SECONDS);
    Assert.assertEquals(3, handlerMetrics.getInput());
    Assert.assertEquals(2, handlerMetrics.getProcessed());
    Assert.assertEquals(1, handlerMetrics.getException());
    LOG.info(""DatasetUpdateService Started"");
    Map<String, String> args
    = ImmutableMap.of(AppWithServices.WRITE_VALUE_RUN_KEY, AppWithServices.DATASET_TEST_VALUE,
    AppWithServices.WRITE_VALUE_STOP_KEY, AppWithServices.DATASET_TEST_VALUE_STOP);
    ServiceManager datasetWorkerServiceManager = applicationManager
    .getServiceManager(AppWithServices.DATASET_WORKER_SERVICE_NAME).start(args);
    WorkerManager datasetWorker =
    applicationManager.getWorkerManager(AppWithServices.DATASET_UPDATE_WORKER).start(args);
    datasetWorkerServiceManager.waitForStatus(true);
    ServiceManager noopManager = applicationManager.getServiceManager(""NoOpService"").start();
    serviceManager.waitForStatus(true, 2, 1);
    String result = callServiceGet(noopManager.getServiceURL(), ""ping/"" + AppWithServices.DATASET_TEST_KEY);
    String decodedResult = new Gson().fromJson(result, String.class);
    Assert.assertEquals(AppWithServices.DATASET_TEST_VALUE, decodedResult);
    handlerMetrics = getMetricsManager().getServiceHandlerMetrics(Id.Namespace.DEFAULT.getId(),
    AppWithServices.APP_NAME,
    ""NoOpService"",
    ""NoOpHandler"");
    handlerMetrics.waitForinput(1, 5, TimeUnit.SECONDS);
    Assert.assertEquals(1, handlerMetrics.getInput());
    Assert.assertEquals(1, handlerMetrics.getProcessed());
    Assert.assertEquals(0, handlerMetrics.getException());
    String path = String.format(""discover/%s/%s"",
    AppWithServices.APP_NAME, AppWithServices.DATASET_WORKER_SERVICE_NAME);
    url = new URL(serviceURL, path);
    request = HttpRequest.get(url).build();
    response = HttpRequests.execute(request);
    Assert.assertEquals(200, response.getResponseCode());
    datasetWorker.stop();
    datasetWorkerServiceManager.stop();
    datasetWorkerServiceManager.waitForStatus(false);
    LOG.info(""DatasetUpdateService Stopped"");
    serviceManager.stop();
    serviceManager.waitForStatus(false);
    LOG.info(""ServerService Stopped"");
    result = callServiceGet(noopManager.getServiceURL(), ""ping/"" + AppWithServices.DATASET_TEST_KEY_STOP);
    decodedResult = new Gson().fromJson(result, String.class);
    Assert.assertEquals(AppWithServices.DATASET_TEST_VALUE_STOP, decodedResult);
    result = callServiceGet(noopManager.getServiceURL(), ""ping/"" + AppWithServices.DATASET_TEST_KEY_STOP_2);
    decodedResult = new Gson().fromJson(result, String.class);
    Assert.assertEquals(AppWithServices.DATASET_TEST_VALUE_STOP_2, decodedResult);
}"
